date,max_temperature_c,min_temperature_c,precipitation_mm,max_wind_speed_kmh,city,average_temperature_c,temperature_range_c,year,month,month_name,is_rainy_day
2025-01-01,33.6,22.4,0.0,7.0,Bangkok,28.0,11.2,2025,1,January,False
2025-01-02,33.7,22.0,0.0,10.9,Bangkok,27.8,11.7,2025,1,January,False
2025-01-03,33.6,22.7,0.0,11.5,Bangkok,28.2,10.9,2025,1,January,False
2025-01-04,33.9,22.4,0.0,7.7,Bangkok,28.2,11.5,2025,1,January,False
2025-01-05,32.5,22.4,0.0,11.2,Bangkok,27.4,10.1,2025,1,January,False
2025-01-06,32.5,20.5,0.0,7.7,Bangkok,26.5,12.0,2025,1,January,False
2025-01-07,33.2,21.0,0.0,6.9,Bangkok,27.1,12.2,2025,1,January,False
2025-01-08,34.1,22.9,0.0,8.8,Bangkok,28.5,11.2,2025,1,January,False
2025-01-09,33.9,24.3,0.0,13.0,Bangkok,29.1,9.6,2025,1,January,False
2025-01-10,31.1,23.2,0.0,15.5,Bangkok,27.2,7.9,2025,1,January,False
2025-01-11,30.1,21.8,0.0,14.7,Bangkok,26.0,8.3,2025,1,January,False
2025-01-12,29.0,19.1,0.0,13.4,Bangkok,24.0,9.9,2025,1,January,False
2025-01-13,29.4,18.5,0.0,8.6,Bangkok,24.0,10.9,2025,1,January,False
2025-01-14,31.5,18.5,0.0,10.1,Bangkok,25.0,13.0,2025,1,January,False
2025-01-15,34.6,20.6,0.0,15.2,Bangkok,27.6,14.0,2025,1,January,False
2025-01-16,32.9,23.9,0.0,12.7,Bangkok,28.4,9.0,2025,1,January,False
2025-01-17,32.3,22.8,0.0,13.4,Bangkok,27.6,9.5,2025,1,January,False
2025-01-18,33.8,21.5,0.0,9.8,Bangkok,27.6,12.3,2025,1,January,False
2025-01-19,33.6,20.9,0.0,8.0,Bangkok,27.2,12.7,2025,1,January,False
2025-01-20,34.2,21.5,0.0,5.8,Bangkok,27.8,12.7,2025,1,January,False
2025-01-21,34.2,22.2,0.0,7.4,Bangkok,28.2,12.0,2025,1,January,False
2025-01-22,34.7,22.1,0.0,7.2,Bangkok,28.4,12.6,2025,1,January,False
2025-01-23,35.3,22.9,0.0,10.9,Bangkok,29.1,12.4,2025,1,January,False
2025-01-24,36.0,22.9,0.0,9.2,Bangkok,29.4,13.1,2025,1,January,False
2025-01-25,35.8,22.8,0.0,12.4,Bangkok,29.3,13.0,2025,1,January,False
2025-01-26,36.4,23.8,0.0,8.8,Bangkok,30.1,12.6,2025,1,January,False
2025-01-27,29.4,22.6,0.2,18.2,Bangkok,26.0,6.8,2025,1,January,True
2025-01-28,30.7,22.7,0.0,12.6,Bangkok,26.7,8.0,2025,1,January,False
2025-01-29,30.8,21.6,0.0,11.8,Bangkok,26.2,9.2,2025,1,January,False
2025-01-30,33.2,21.8,0.0,8.8,Bangkok,27.5,11.4,2025,1,January,False
2025-01-31,34.8,22.1,0.0,11.9,Bangkok,28.4,12.7,2025,1,January,False
2025-02-01,35.7,23.1,0.0,14.6,Bangkok,29.4,12.6,2025,2,February,False
2025-02-02,35.7,23.3,0.0,11.3,Bangkok,29.5,12.4,2025,2,February,False
2025-02-03,35.3,23.9,0.0,10.9,Bangkok,29.6,11.4,2025,2,February,False
2025-02-04,34.0,25.7,1.0,12.9,Bangkok,29.8,8.3,2025,2,February,True
2025-02-05,35.0,24.9,0.0,10.3,Bangkok,30.0,10.1,2025,2,February,False
2025-02-06,33.9,24.5,0.0,11.4,Bangkok,29.2,9.4,2025,2,February,False
2025-02-07,32.9,24.7,0.1,9.0,Bangkok,28.8,8.2,2025,2,February,True
2025-02-08,34.5,25.5,0.0,13.6,Bangkok,30.0,9.0,2025,2,February,False
2025-02-09,32.6,23.3,0.0,14.0,Bangkok,28.0,9.3,2025,2,February,False
2025-02-10,33.9,22.4,0.0,8.5,Bangkok,28.2,11.5,2025,2,February,False
2025-02-11,36.0,22.8,0.0,6.6,Bangkok,29.4,13.2,2025,2,February,False
2025-02-12,37.4,23.6,0.0,12.9,Bangkok,30.5,13.8,2025,2,February,False
2025-02-13,36.8,24.9,0.0,14.9,Bangkok,30.8,11.9,2025,2,February,False
2025-02-14,35.1,25.0,0.0,10.7,Bangkok,30.0,10.1,2025,2,February,False
2025-02-15,37.0,25.0,0.0,11.3,Bangkok,31.0,12.0,2025,2,February,False
2025-02-16,37.3,25.3,0.0,15.2,Bangkok,31.3,12.0,2025,2,February,False
2025-02-17,32.1,26.6,3.1,13.2,Bangkok,29.4,5.5,2025,2,February,True
2025-02-18,31.9,25.2,4.9,11.6,Bangkok,28.6,6.7,2025,2,February,True
2025-02-19,32.4,22.8,20.7,9.8,Bangkok,27.6,9.6,2025,2,February,True
2025-02-20,32.4,23.1,4.2,6.5,Bangkok,27.8,9.3,2025,2,February,True
2025-02-21,32.4,24.9,2.0,13.1,Bangkok,28.6,7.5,2025,2,February,True
2025-02-22,34.8,23.2,3.8,12.1,Bangkok,29.0,11.6,2025,2,February,True
2025-02-23,35.9,25.3,1.6,13.4,Bangkok,30.6,10.6,2025,2,February,True
2025-02-24,27.9,24.2,14.7,10.4,Bangkok,26.0,3.7,2025,2,February,True
2025-02-25,28.9,23.1,1.5,13.4,Bangkok,26.0,5.8,2025,2,February,True
2025-02-26,32.7,21.8,0.0,13.5,Bangkok,27.2,10.9,2025,2,February,False
2025-02-27,35.0,24.1,0.1,9.1,Bangkok,29.6,10.9,2025,2,February,True
2025-02-28,36.2,25.7,1.2,10.1,Bangkok,31.0,10.5,2025,2,February,True
2025-03-01,34.5,26.5,0.1,10.6,Bangkok,30.5,8.0,2025,3,March,True
2025-03-02,35.6,27.0,0.0,11.4,Bangkok,31.3,8.6,2025,3,March,False
2025-03-03,34.6,27.3,0.0,12.8,Bangkok,31.0,7.3,2025,3,March,False
2025-03-04,34.7,27.4,0.0,13.1,Bangkok,31.0,7.3,2025,3,March,False
2025-03-05,35.6,27.2,0.0,12.5,Bangkok,31.4,8.4,2025,3,March,False
2025-03-06,35.0,26.7,0.0,12.4,Bangkok,30.8,8.3,2025,3,March,False
2025-03-07,33.7,24.5,6.5,15.6,Bangkok,29.1,9.2,2025,3,March,True
2025-03-08,32.8,24.0,0.7,12.1,Bangkok,28.4,8.8,2025,3,March,True
2025-03-09,34.3,23.8,0.0,9.6,Bangkok,29.0,10.5,2025,3,March,False
2025-03-10,36.7,25.9,0.0,11.2,Bangkok,31.3,10.8,2025,3,March,False
2025-03-11,37.1,27.9,2.3,11.0,Bangkok,32.5,9.2,2025,3,March,True
2025-03-12,35.3,27.3,0.5,11.8,Bangkok,31.3,8.0,2025,3,March,True
2025-03-13,34.7,28.3,7.3,12.3,Bangkok,31.5,6.4,2025,3,March,True
2025-03-14,35.2,27.1,0.6,11.2,Bangkok,31.2,8.1,2025,3,March,True
2025-03-15,35.4,27.5,0.1,9.8,Bangkok,31.4,7.9,2025,3,March,True
2025-03-16,36.7,27.6,0.3,9.3,Bangkok,32.2,9.1,2025,3,March,True
2025-03-17,34.8,27.8,4.3,11.3,Bangkok,31.3,7.0,2025,3,March,True
2025-03-18,34.8,26.1,1.4,10.7,Bangkok,30.4,8.7,2025,3,March,True
2025-03-19,34.7,26.0,0.0,15.0,Bangkok,30.4,8.7,2025,3,March,False
2025-03-20,33.8,23.6,0.0,9.4,Bangkok,28.7,10.2,2025,3,March,False
2025-03-21,33.6,22.7,0.0,9.4,Bangkok,28.2,10.9,2025,3,March,False
2025-03-22,36.2,24.2,0.0,8.6,Bangkok,30.2,12.0,2025,3,March,False
2025-03-23,37.9,25.6,0.0,14.4,Bangkok,31.8,12.3,2025,3,March,False
2025-03-24,37.1,26.4,0.8,10.8,Bangkok,31.8,10.7,2025,3,March,True
2025-03-25,36.7,27.1,0.0,12.6,Bangkok,31.9,9.6,2025,3,March,False
2025-03-26,36.4,28.0,2.9,12.6,Bangkok,32.2,8.4,2025,3,March,True
2025-03-27,36.0,28.2,0.2,12.1,Bangkok,32.1,7.8,2025,3,March,True
2025-03-28,38.6,27.5,0.5,13.5,Bangkok,33.0,11.1,2025,3,March,True
2025-03-29,36.8,27.6,0.3,12.9,Bangkok,32.2,9.2,2025,3,March,True
2025-03-30,34.7,25.7,9.0,11.8,Bangkok,30.2,9.0,2025,3,March,True
2025-03-31,31.5,23.7,23.8,11.2,Bangkok,27.6,7.8,2025,3,March,True
2025-04-01,32.1,25.4,1.4,7.1,Bangkok,28.8,6.7,2025,4,April,True
2025-04-02,33.1,25.1,0.9,11.0,Bangkok,29.1,8.0,2025,4,April,True
2025-04-03,34.8,26.3,1.6,11.3,Bangkok,30.6,8.5,2025,4,April,True
2025-04-04,33.6,26.3,0.6,12.3,Bangkok,30.0,7.3,2025,4,April,True
2025-04-05,34.1,27.5,0.4,14.1,Bangkok,30.8,6.6,2025,4,April,True
2025-04-06,35.4,27.3,0.0,12.6,Bangkok,31.4,8.1,2025,4,April,False
2025-04-07,34.2,26.6,2.0,12.9,Bangkok,30.4,7.6,2025,4,April,True
2025-04-08,34.0,26.3,2.0,12.8,Bangkok,30.2,7.7,2025,4,April,True
2025-04-09,33.5,26.8,0.1,11.7,Bangkok,30.2,6.7,2025,4,April,True
2025-04-10,31.3,24.8,3.6,10.2,Bangkok,28.0,6.5,2025,4,April,True
2025-04-11,33.3,26.5,5.7,12.2,Bangkok,29.9,6.8,2025,4,April,True
2025-04-12,34.6,25.4,0.0,13.0,Bangkok,30.0,9.2,2025,4,April,False
2025-04-13,36.4,27.7,3.6,11.3,Bangkok,32.0,8.7,2025,4,April,True
2025-04-14,32.2,24.5,10.1,10.5,Bangkok,28.4,7.7,2025,4,April,True
2025-04-15,36.0,25.7,6.1,12.8,Bangkok,30.8,10.3,2025,4,April,True
2025-04-16,30.6,26.1,13.9,8.3,Bangkok,28.4,4.5,2025,4,April,True
2025-04-17,34.3,26.2,3.0,11.0,Bangkok,30.2,8.1,2025,4,April,True
2025-04-18,34.7,25.7,5.7,10.8,Bangkok,30.2,9.0,2025,4,April,True
2025-04-19,35.7,26.3,4.0,11.2,Bangkok,31.0,9.4,2025,4,April,True
2025-04-20,35.9,28.1,0.2,14.3,Bangkok,32.0,7.8,2025,4,April,True
2025-04-21,36.6,28.7,0.0,12.4,Bangkok,32.6,7.9,2025,4,April,False
2025-04-22,36.3,28.3,0.0,14.8,Bangkok,32.3,8.0,2025,4,April,False
2025-04-23,37.9,28.2,0.7,12.1,Bangkok,33.0,9.7,2025,4,April,True
2025-04-24,35.9,29.0,0.0,14.7,Bangkok,32.4,6.9,2025,4,April,False
2025-04-25,38.7,28.5,0.1,14.3,Bangkok,33.6,10.2,2025,4,April,True
2025-04-26,35.5,29.5,2.4,16.2,Bangkok,32.5,6.0,2025,4,April,True
2025-04-27,32.7,28.1,9.0,13.9,Bangkok,30.4,4.6,2025,4,April,True
2025-04-28,35.2,26.7,0.8,11.9,Bangkok,31.0,8.5,2025,4,April,True
2025-04-29,34.4,26.0,1.6,9.4,Bangkok,30.2,8.4,2025,4,April,True
2025-04-30,38.0,27.3,8.2,13.5,Bangkok,32.6,10.7,2025,4,April,True
2025-05-01,33.7,24.4,25.1,9.2,Bangkok,29.0,9.3,2025,5,May,True
2025-05-02,34.0,25.6,7.2,8.5,Bangkok,29.8,8.4,2025,5,May,True
2025-05-03,31.6,25.5,1.2,7.9,Bangkok,28.6,6.1,2025,5,May,True
2025-05-04,33.1,26.2,2.0,7.5,Bangkok,29.6,6.9,2025,5,May,True
2025-05-05,33.2,27.2,0.1,11.4,Bangkok,30.2,6.0,2025,5,May,True
2025-05-06,31.9,27.0,6.7,11.2,Bangkok,29.4,4.9,2025,5,May,True
2025-05-07,32.3,26.6,2.9,11.4,Bangkok,29.4,5.7,2025,5,May,True
2025-05-08,35.3,27.2,3.4,12.2,Bangkok,31.2,8.1,2025,5,May,True
2025-05-09,35.0,27.4,4.9,9.9,Bangkok,31.2,7.6,2025,5,May,True
2025-05-10,35.8,25.8,31.0,9.0,Bangkok,30.8,10.0,2025,5,May,True
2025-05-11,31.6,25.0,4.6,9.7,Bangkok,28.3,6.6,2025,5,May,True
2025-05-12,31.9,24.3,13.3,10.1,Bangkok,28.1,7.6,2025,5,May,True
2025-05-13,30.4,24.3,6.0,8.3,Bangkok,27.4,6.1,2025,5,May,True
2025-05-14,30.6,24.3,21.5,14.4,Bangkok,27.4,6.3,2025,5,May,True
2025-05-15,30.8,25.1,11.1,9.0,Bangkok,28.0,5.7,2025,5,May,True
2025-05-16,31.9,24.9,10.2,7.4,Bangkok,28.4,7.0,2025,5,May,True
2025-05-17,31.6,25.8,23.1,10.2,Bangkok,28.7,5.8,2025,5,May,True
2025-05-18,32.7,25.7,0.0,7.9,Bangkok,29.2,7.0,2025,5,May,False
2025-05-19,31.9,26.2,1.9,10.4,Bangkok,29.0,5.7,2025,5,May,True
2025-05-20,32.4,27.1,0.6,7.6,Bangkok,29.8,5.3,2025,5,May,True
2025-05-21,31.0,27.4,7.0,11.2,Bangkok,29.2,3.6,2025,5,May,True
2025-05-22,32.7,26.5,3.2,10.0,Bangkok,29.6,6.2,2025,5,May,True
2025-05-23,34.4,26.6,3.7,12.0,Bangkok,30.5,7.8,2025,5,May,True
2025-05-24,32.8,26.1,4.2,11.7,Bangkok,29.4,6.7,2025,5,May,True
2025-05-25,31.4,24.6,14.0,13.3,Bangkok,28.0,6.8,2025,5,May,True
2025-05-26,30.3,25.3,15.5,14.2,Bangkok,27.8,5.0,2025,5,May,True
2025-05-27,29.8,25.8,2.1,10.8,Bangkok,27.8,4.0,2025,5,May,True
2025-05-28,32.3,26.1,2.6,9.2,Bangkok,29.2,6.2,2025,5,May,True
2025-05-29,31.4,27.2,4.0,10.5,Bangkok,29.3,4.2,2025,5,May,True
2025-05-30,31.0,27.2,15.6,15.4,Bangkok,29.1,3.8,2025,5,May,True
2025-05-31,30.8,25.8,8.3,14.9,Bangkok,28.3,5.0,2025,5,May,True
2025-06-01,31.9,26.4,16.4,12.6,Bangkok,29.2,5.5,2025,6,June,True
2025-06-02,31.7,26.7,8.0,13.8,Bangkok,29.2,5.0,2025,6,June,True
2025-06-03,31.3,25.8,0.5,12.7,Bangkok,28.6,5.5,2025,6,June,True
2025-06-04,33.8,25.8,6.4,11.2,Bangkok,29.8,8.0,2025,6,June,True
2025-06-05,34.3,26.1,3.6,11.3,Bangkok,30.2,8.2,2025,6,June,True
2025-06-06,34.1,26.5,0.1,9.9,Bangkok,30.3,7.6,2025,6,June,True
2025-06-07,34.3,26.4,8.4,14.7,Bangkok,30.4,7.9,2025,6,June,True
2025-06-08,32.7,25.7,0.7,11.5,Bangkok,29.2,7.0,2025,6,June,True
2025-06-09,32.6,26.5,2.4,12.9,Bangkok,29.6,6.1,2025,6,June,True
2025-06-10,32.9,26.0,0.7,9.4,Bangkok,29.4,6.9,2025,6,June,True
2025-06-11,33.1,25.7,0.9,12.3,Bangkok,29.4,7.4,2025,6,June,True
2025-06-12,33.1,25.6,7.0,14.8,Bangkok,29.4,7.5,2025,6,June,True
2025-06-13,30.1,25.6,5.0,12.2,Bangkok,27.8,4.5,2025,6,June,True
2025-06-14,30.8,26.6,12.8,15.2,Bangkok,28.7,4.2,2025,6,June,True
2025-06-15,31.1,25.9,1.9,12.2,Bangkok,28.5,5.2,2025,6,June,True
2025-06-16,32.6,25.4,1.4,11.3,Bangkok,29.0,7.2,2025,6,June,True
2025-06-17,33.2,25.2,4.8,9.6,Bangkok,29.2,8.0,2025,6,June,True
2025-06-18,33.5,25.3,2.8,8.9,Bangkok,29.4,8.2,2025,6,June,True
2025-06-19,32.5,25.8,6.5,11.1,Bangkok,29.2,6.7,2025,6,June,True
2025-06-20,31.7,25.3,9.0,10.6,Bangkok,28.5,6.4,2025,6,June,True
2025-06-21,33.0,25.8,15.4,10.1,Bangkok,29.4,7.2,2025,6,June,True
2025-06-22,32.3,25.5,7.7,14.4,Bangkok,28.9,6.8,2025,6,June,True
2025-06-23,32.5,25.3,8.6,14.3,Bangkok,28.9,7.2,2025,6,June,True
2025-06-24,30.9,25.5,1.7,11.4,Bangkok,28.2,5.4,2025,6,June,True
2025-06-25,32.1,25.7,5.6,10.4,Bangkok,28.9,6.4,2025,6,June,True
2025-06-26,32.5,25.6,5.2,9.9,Bangkok,29.0,6.9,2025,6,June,True
2025-06-27,31.5,24.3,11.6,12.2,Bangkok,27.9,7.2,2025,6,June,True
2025-06-28,29.6,24.5,6.7,10.3,Bangkok,27.0,5.1,2025,6,June,True
2025-06-29,30.4,24.6,16.6,9.4,Bangkok,27.5,5.8,2025,6,June,True
2025-06-30,29.7,25.1,6.1,12.2,Bangkok,27.4,4.6,2025,6,June,True
2025-07-01,31.1,25.1,17.7,9.6,Bangkok,28.1,6.0,2025,7,July,True
2025-07-02,28.3,24.8,7.9,12.2,Bangkok,26.6,3.5,2025,7,July,True
2025-07-03,30.7,25.0,16.9,10.3,Bangkok,27.8,5.7,2025,7,July,True
2025-07-04,31.6,24.7,15.0,10.8,Bangkok,28.2,6.9,2025,7,July,True
2025-07-05,32.4,25.5,4.8,14.0,Bangkok,29.0,6.9,2025,7,July,True
2025-07-06,31.4,24.9,3.2,9.3,Bangkok,28.2,6.5,2025,7,July,True
2025-07-07,30.7,26.0,4.7,11.4,Bangkok,28.4,4.7,2025,7,July,True
2025-07-08,29.9,25.6,11.1,12.1,Bangkok,27.8,4.3,2025,7,July,True
2025-07-09,30.6,25.1,4.4,10.6,Bangkok,27.8,5.5,2025,7,July,True
2025-07-10,31.9,25.1,1.2,14.1,Bangkok,28.5,6.8,2025,7,July,True
2025-07-11,30.9,25.2,3.0,14.3,Bangkok,28.0,5.7,2025,7,July,True
2025-07-12,32.7,26.1,11.1,10.2,Bangkok,29.4,6.6,2025,7,July,True
2025-07-13,32.9,25.8,16.7,7.9,Bangkok,29.4,7.1,2025,7,July,True
2025-07-14,31.9,25.8,1.8,11.1,Bangkok,28.8,6.1,2025,7,July,True
2025-07-15,31.8,26.1,7.5,11.2,Bangkok,29.0,5.7,2025,7,July,True
2025-07-16,30.8,25.5,3.5,13.5,Bangkok,28.2,5.3,2025,7,July,True
2025-07-17,31.2,25.3,8.1,9.9,Bangkok,28.2,5.9,2025,7,July,True
2025-07-18,30.2,25.9,2.5,12.5,Bangkok,28.0,4.3,2025,7,July,True
2025-07-19,31.5,25.6,10.5,12.6,Bangkok,28.6,5.9,2025,7,July,True
2025-07-20,30.8,25.7,8.2,12.9,Bangkok,28.2,5.1,2025,7,July,True
2025-07-21,29.6,25.5,4.4,13.3,Bangkok,27.6,4.1,2025,7,July,True
2025-07-22,29.3,25.3,6.9,14.6,Bangkok,27.3,4.0,2025,7,July,True
2025-07-23,30.1,26.0,3.3,14.8,Bangkok,28.0,4.1,2025,7,July,True
2025-07-24,31.5,26.8,0.1,13.1,Bangkok,29.2,4.7,2025,7,July,True
2025-07-25,32.4,26.1,1.3,15.2,Bangkok,29.2,6.3,2025,7,July,True
2025-07-26,32.2,26.0,2.4,13.9,Bangkok,29.1,6.2,2025,7,July,True
2025-07-27,30.3,25.4,3.5,11.7,Bangkok,27.8,4.9,2025,7,July,True
2025-07-28,29.7,26.6,16.8,12.4,Bangkok,28.2,3.1,2025,7,July,True
2025-07-29,30.8,26.3,9.9,13.7,Bangkok,28.6,4.5,2025,7,July,True
2025-07-30,32.2,25.4,5.7,13.1,Bangkok,28.8,6.8,2025,7,July,True
2025-07-31,32.7,25.2,2.9,11.3,Bangkok,29.0,7.5,2025,7,July,True
2025-08-01,33.2,25.4,0.8,12.1,Bangkok,29.3,7.8,2025,8,August,True
2025-08-02,33.4,25.6,0.0,10.8,Bangkok,29.5,7.8,2025,8,August,False
2025-08-03,34.2,26.0,0.0,13.3,Bangkok,30.1,8.2,2025,8,August,False
2025-08-04,35.2,26.0,0.0,11.9,Bangkok,30.6,9.2,2025,8,August,False
2025-08-05,35.3,26.7,0.2,10.1,Bangkok,31.0,8.6,2025,8,August,True
2025-08-06,35.5,26.2,9.4,12.7,Bangkok,30.8,9.3,2025,8,August,True
2025-08-07,33.2,26.1,0.5,14.2,Bangkok,29.6,7.1,2025,8,August,True
2025-08-08,32.3,26.2,2.8,16.4,Bangkok,29.2,6.1,2025,8,August,True
2025-08-09,34.7,26.1,1.7,15.4,Bangkok,30.4,8.6,2025,8,August,True
2025-08-10,34.0,25.9,0.6,14.7,Bangkok,30.0,8.1,2025,8,August,True
2025-08-11,31.1,26.5,10.3,11.3,Bangkok,28.8,4.6,2025,8,August,True
2025-08-12,31.9,25.2,1.3,12.3,Bangkok,28.6,6.7,2025,8,August,True
2025-08-13,31.7,25.1,5.0,9.9,Bangkok,28.4,6.6,2025,8,August,True
2025-08-14,33.2,24.5,3.1,11.8,Bangkok,28.8,8.7,2025,8,August,True
2025-08-15,31.8,25.0,13.5,15.3,Bangkok,28.4,6.8,2025,8,August,True
2025-08-16,29.3,25.3,6.6,10.0,Bangkok,27.3,4.0,2025,8,August,True
2025-08-17,28.8,24.2,3.5,11.0,Bangkok,26.5,4.6,2025,8,August,True
2025-08-18,32.2,24.1,5.2,10.9,Bangkok,28.2,8.1,2025,8,August,True
2025-08-19,29.9,25.1,7.4,8.7,Bangkok,27.5,4.8,2025,8,August,True
2025-08-20,33.2,24.6,1.0,13.1,Bangkok,28.9,8.6,2025,8,August,True
2025-08-21,33.5,25.1,12.9,13.7,Bangkok,29.3,8.4,2025,8,August,True
2025-08-22,30.0,24.4,13.6,12.8,Bangkok,27.2,5.6,2025,8,August,True
2025-08-23,31.3,24.8,24.3,12.8,Bangkok,28.0,6.5,2025,8,August,True
2025-08-24,31.0,24.4,13.3,9.7,Bangkok,27.7,6.6,2025,8,August,True
2025-08-25,30.8,24.7,11.9,12.3,Bangkok,27.8,6.1,2025,8,August,True
2025-08-26,30.1,24.8,15.7,13.5,Bangkok,27.4,5.3,2025,8,August,True
2025-08-27,30.2,24.9,2.9,9.7,Bangkok,27.6,5.3,2025,8,August,True
2025-08-28,31.6,24.7,1.6,14.5,Bangkok,28.2,6.9,2025,8,August,True
2025-08-29,33.1,25.0,0.0,13.5,Bangkok,29.0,8.1,2025,8,August,False
2025-08-30,33.4,25.5,1.0,13.5,Bangkok,29.4,7.9,2025,8,August,True
2025-08-31,30.7,24.8,13.7,10.1,Bangkok,27.8,5.9,2025,8,August,True
2025-09-01,31.1,24.2,4.8,11.9,Bangkok,27.6,6.9,2025,9,September,True
2025-09-02,30.7,25.8,4.0,7.8,Bangkok,28.2,4.9,2025,9,September,True
2025-09-03,30.9,25.8,5.2,9.7,Bangkok,28.4,5.1,2025,9,September,True
2025-09-04,30.5,25.0,8.2,10.1,Bangkok,27.8,5.5,2025,9,September,True
2025-09-05,32.3,24.8,7.5,9.2,Bangkok,28.6,7.5,2025,9,September,True
2025-09-06,31.6,25.4,12.9,7.1,Bangkok,28.5,6.2,2025,9,September,True
2025-09-07,31.0,24.6,21.7,9.5,Bangkok,27.8,6.4,2025,9,September,True
2025-09-08,29.2,24.6,27.8,12.1,Bangkok,26.9,4.6,2025,9,September,True
2025-09-09,29.7,25.5,16.2,15.8,Bangkok,27.6,4.2,2025,9,September,True
2025-09-10,28.7,24.4,4.0,11.4,Bangkok,26.6,4.3,2025,9,September,True
2025-09-11,31.4,24.9,1.3,7.2,Bangkok,28.2,6.5,2025,9,September,True
2025-09-12,32.1,25.9,10.1,7.9,Bangkok,29.0,6.2,2025,9,September,True
2025-09-13,33.2,25.1,1.6,7.9,Bangkok,29.2,8.1,2025,9,September,True
2025-09-14,30.2,24.2,2.8,9.0,Bangkok,27.2,6.0,2025,9,September,True
2025-09-15,31.1,24.7,1.9,12.3,Bangkok,27.9,6.4,2025,9,September,True
2025-09-16,31.5,24.6,4.1,8.6,Bangkok,28.0,6.9,2025,9,September,True
2025-09-17,31.9,25.5,13.5,9.6,Bangkok,28.7,6.4,2025,9,September,True
2025-09-18,31.8,24.9,7.5,10.3,Bangkok,28.4,6.9,2025,9,September,True
2025-09-19,29.7,25.1,7.8,14.5,Bangkok,27.4,4.6,2025,9,September,True
2025-09-20,30.6,26.3,4.4,13.2,Bangkok,28.4,4.3,2025,9,September,True
2025-09-21,30.9,26.1,17.2,10.9,Bangkok,28.5,4.8,2025,9,September,True
2025-09-22,31.7,25.1,1.9,10.4,Bangkok,28.4,6.6,2025,9,September,True
2025-09-23,30.7,25.8,3.3,11.1,Bangkok,28.2,4.9,2025,9,September,True
2025-09-24,30.0,26.2,4.2,11.4,Bangkok,28.1,3.8,2025,9,September,True
2025-09-25,30.9,25.6,6.0,10.3,Bangkok,28.2,5.3,2025,9,September,True
2025-09-26,29.9,25.5,10.4,10.2,Bangkok,27.7,4.4,2025,9,September,True
2025-09-27,29.9,24.4,25.6,9.9,Bangkok,27.2,5.5,2025,9,September,True
2025-09-28,31.8,24.2,0.7,8.3,Bangkok,28.0,7.6,2025,9,September,True
2025-09-29,31.8,24.8,9.2,13.4,Bangkok,28.3,7.0,2025,9,September,True
2025-09-30,29.2,25.5,17.6,15.2,Bangkok,27.4,3.7,2025,9,September,True
2025-10-01,31.1,24.7,1.6,10.7,Bangkok,27.9,6.4,2025,10,October,True
2025-10-02,32.8,25.2,0.8,4.9,Bangkok,29.0,7.6,2025,10,October,True
2025-10-03,32.1,24.6,2.7,7.5,Bangkok,28.4,7.5,2025,10,October,True
2025-10-04,30.6,24.3,22.5,6.1,Bangkok,27.4,6.3,2025,10,October,True
2025-10-05,30.9,25.0,0.1,11.7,Bangkok,28.0,5.9,2025,10,October,True
2025-10-06,32.8,24.7,2.7,13.5,Bangkok,28.8,8.1,2025,10,October,True
2025-10-07,32.2,25.8,11.6,14.8,Bangkok,29.0,6.4,2025,10,October,True
2025-10-08,31.7,24.3,14.8,9.9,Bangkok,28.0,7.4,2025,10,October,True
2025-10-09,31.3,24.8,1.1,9.8,Bangkok,28.0,6.5,2025,10,October,True
2025-10-10,32.5,25.0,6.0,14.2,Bangkok,28.8,7.5,2025,10,October,True
2025-10-11,31.4,25.4,11.4,7.2,Bangkok,28.4,6.0,2025,10,October,True
2025-10-12,32.2,24.9,8.0,10.2,Bangkok,28.6,7.3,2025,10,October,True
2025-10-13,31.9,24.9,18.3,8.2,Bangkok,28.4,7.0,2025,10,October,True
2025-10-14,29.1,24.4,27.3,6.2,Bangkok,26.8,4.7,2025,10,October,True
2025-10-15,30.9,24.8,6.7,5.3,Bangkok,27.8,6.1,2025,10,October,True
2025-10-16,32.6,25.0,1.2,9.7,Bangkok,28.8,7.6,2025,10,October,True
2025-10-17,32.8,25.4,2.1,11.1,Bangkok,29.1,7.4,2025,10,October,True
2025-10-18,33.2,24.4,6.0,15.6,Bangkok,28.8,8.8,2025,10,October,True
2025-10-19,32.4,24.5,4.2,9.5,Bangkok,28.4,7.9,2025,10,October,True
2025-10-20,32.5,23.6,5.7,11.4,Bangkok,28.0,8.9,2025,10,October,True
2025-10-21,32.7,24.1,6.3,7.0,Bangkok,28.4,8.6,2025,10,October,True
2025-10-22,31.2,25.1,0.3,9.4,Bangkok,28.2,6.1,2025,10,October,True
2025-10-23,30.7,24.4,0.0,13.3,Bangkok,27.6,6.3,2025,10,October,False
2025-10-24,31.4,23.7,0.2,10.1,Bangkok,27.6,7.7,2025,10,October,True
2025-10-25,32.0,24.7,0.9,9.0,Bangkok,28.4,7.3,2025,10,October,True
2025-10-26,32.8,25.8,0.1,14.7,Bangkok,29.3,7.0,2025,10,October,True
2025-10-27,31.5,24.9,0.2,8.1,Bangkok,28.2,6.6,2025,10,October,True
2025-10-28,30.4,25.3,0.9,11.9,Bangkok,27.8,5.1,2025,10,October,True
2025-10-29,31.9,26.4,2.2,12.7,Bangkok,29.2,5.5,2025,10,October,True
2025-10-30,29.9,25.5,8.1,11.2,Bangkok,27.7,4.4,2025,10,October,True
2025-10-31,31.9,24.9,15.6,9.4,Bangkok,28.4,7.0,2025,10,October,True
2025-11-01,29.2,24.3,40.7,8.4,Bangkok,26.8,4.9,2025,11,November,True
2025-11-02,30.4,24.7,35.7,9.9,Bangkok,27.6,5.7,2025,11,November,True
2025-11-03,29.6,24.1,11.1,6.8,Bangkok,26.8,5.5,2025,11,November,True
2025-11-04,29.5,24.0,3.1,9.5,Bangkok,26.8,5.5,2025,11,November,True
2025-11-05,29.3,24.3,0.3,5.3,Bangkok,26.8,5.0,2025,11,November,True
2025-11-06,30.9,24.4,1.3,6.9,Bangkok,27.6,6.5,2025,11,November,True
2025-11-07,30.1,25.5,0.1,9.0,Bangkok,27.8,4.6,2025,11,November,True
2025-11-08,30.0,24.5,7.3,7.3,Bangkok,27.2,5.5,2025,11,November,True
2025-11-09,32.8,25.0,0.6,9.1,Bangkok,28.9,7.8,2025,11,November,True
2025-11-10,31.2,24.1,10.6,8.4,Bangkok,27.6,7.1,2025,11,November,True
2025-11-11,34.1,25.0,0.4,5.7,Bangkok,29.6,9.1,2025,11,November,True
2025-11-12,33.9,26.4,4.4,6.9,Bangkok,30.2,7.5,2025,11,November,True
2025-11-13,30.8,24.6,22.6,9.9,Bangkok,27.7,6.2,2025,11,November,True
2025-11-14,31.4,24.5,2.2,9.7,Bangkok,28.0,6.9,2025,11,November,True
2025-11-15,29.7,22.7,0.0,13.2,Bangkok,26.2,7.0,2025,11,November,False
2025-11-16,30.5,22.5,0.0,10.5,Bangkok,26.5,8.0,2025,11,November,False
2025-11-17,30.2,24.1,6.1,13.6,Bangkok,27.2,6.1,2025,11,November,True
2025-11-18,30.0,23.4,15.7,11.1,Bangkok,26.7,6.6,2025,11,November,True
2025-11-19,28.0,22.8,0.2,13.4,Bangkok,25.4,5.2,2025,11,November,True
2025-11-20,25.6,20.9,0.0,14.0,Bangkok,23.2,4.7,2025,11,November,False
2025-11-21,25.8,21.0,0.0,13.2,Bangkok,23.4,4.8,2025,11,November,False
2025-11-22,29.4,20.9,0.0,10.9,Bangkok,25.2,8.5,2025,11,November,False
2025-11-23,30.6,21.3,0.0,12.8,Bangkok,26.0,9.3,2025,11,November,False
2025-11-24,31.3,23.5,0.0,12.7,Bangkok,27.4,7.8,2025,11,November,False
2025-11-25,29.8,23.0,0.0,13.3,Bangkok,26.4,6.8,2025,11,November,False
2025-11-26,30.2,20.6,0.0,14.2,Bangkok,25.4,9.6,2025,11,November,False
2025-11-27,29.2,20.5,0.0,14.5,Bangkok,24.8,8.7,2025,11,November,False
2025-11-28,28.2,17.9,0.0,12.5,Bangkok,23.0,10.3,2025,11,November,False
2025-11-29,29.9,17.5,0.0,10.9,Bangkok,23.7,12.4,2025,11,November,False
2025-11-30,31.5,18.8,0.0,9.7,Bangkok,25.2,12.7,2025,11,November,False
2025-12-01,33.2,20.6,0.0,9.1,Bangkok,26.9,12.6,2025,12,December,False
2025-12-02,34.7,22.4,0.0,8.3,Bangkok,28.6,12.3,2025,12,December,False
2025-12-03,35.1,24.0,0.1,8.9,Bangkok,29.6,11.1,2025,12,December,True
2025-12-04,32.9,25.4,0.3,11.1,Bangkok,29.2,7.5,2025,12,December,True
2025-12-05,31.3,23.6,5.6,13.6,Bangkok,27.4,7.7,2025,12,December,True
2025-12-06,30.3,23.9,0.0,8.4,Bangkok,27.1,6.4,2025,12,December,False
2025-12-07,31.4,23.5,0.0,5.9,Bangkok,27.4,7.9,2025,12,December,False
2025-12-08,29.8,22.6,0.0,14.3,Bangkok,26.2,7.2,2025,12,December,False
2025-12-09,29.8,22.1,0.0,9.5,Bangkok,26.0,7.7,2025,12,December,False
2025-12-10,31.6,21.1,0.0,15.2,Bangkok,26.4,10.5,2025,12,December,False
2025-12-11,26.8,22.9,0.3,11.0,Bangkok,24.8,3.9,2025,12,December,True
2025-12-12,28.9,22.8,0.1,11.0,Bangkok,25.8,6.1,2025,12,December,True
2025-12-13,31.8,23.6,2.4,11.9,Bangkok,27.7,8.2,2025,12,December,True
2025-12-14,31.5,24.1,0.1,10.1,Bangkok,27.8,7.4,2025,12,December,True
2025-12-15,32.1,23.6,0.0,9.3,Bangkok,27.8,8.5,2025,12,December,False
2025-12-16,33.7,23.4,0.0,7.1,Bangkok,28.6,10.3,2025,12,December,False
2025-12-17,33.1,24.2,0.0,8.7,Bangkok,28.6,8.9,2025,12,December,False
2025-12-18,31.7,24.3,0.2,9.8,Bangkok,28.0,7.4,2025,12,December,True
2025-12-19,32.8,22.8,0.0,9.3,Bangkok,27.8,10.0,2025,12,December,False
2025-12-20,34.1,23.0,0.0,9.2,Bangkok,28.6,11.1,2025,12,December,False
2025-12-21,32.9,24.1,0.0,9.8,Bangkok,28.5,8.8,2025,12,December,False
2025-12-22,33.7,23.5,0.0,8.6,Bangkok,28.6,10.2,2025,12,December,False
2025-12-23,33.3,25.1,0.1,7.3,Bangkok,29.2,8.2,2025,12,December,True
2025-12-24,33.9,24.4,0.0,7.4,Bangkok,29.2,9.5,2025,12,December,False
2025-12-25,34.8,24.8,0.0,9.4,Bangkok,29.8,10.0,2025,12,December,False
2025-12-26,32.0,24.8,0.0,12.6,Bangkok,28.4,7.2,2025,12,December,False
2025-12-27,32.5,23.9,0.0,9.7,Bangkok,28.2,8.6,2025,12,December,False
2025-12-28,33.0,23.3,0.0,10.3,Bangkok,28.2,9.7,2025,12,December,False
2025-12-29,33.4,23.5,0.0,13.4,Bangkok,28.4,9.9,2025,12,December,False
2025-12-30,34.0,22.6,0.0,6.1,Bangkok,28.3,11.4,2025,12,December,False
2025-12-31,33.5,22.9,0.0,9.5,Bangkok,28.2,10.6,2025,12,December,False
2025-01-01,11.8,5.3,10.5,30.6,London,8.6,6.5,2025,1,January,True
2025-01-02,4.4,-0.4,0.0,9.2,London,2.0,4.8,2025,1,January,False
2025-01-03,3.4,-1.3,0.0,10.6,London,1.0,4.7,2025,1,January,False
2025-01-04,3.2,-1.7,1.8,15.5,London,0.8,4.9,2025,1,January,True
2025-01-05,12.6,0.7,23.5,24.9,London,6.6,11.9,2025,1,January,True
2025-01-06,12.0,2.5,7.4,31.6,London,7.2,9.5,2025,1,January,True
2025-01-07,4.9,0.7,0.1,13.3,London,2.8,4.2,2025,1,January,True
2025-01-08,1.8,-0.8,3.0,11.2,London,0.5,2.6,2025,1,January,True
2025-01-09,3.0,-0.9,0.6,11.7,London,1.0,3.9,2025,1,January,True
2025-01-10,1.4,-2.0,0.0,7.6,London,-0.3,3.4,2025,1,January,False
2025-01-11,1.6,-3.8,0.0,4.8,London,-1.1,5.4,2025,1,January,False
2025-01-12,3.2,-4.5,0.0,8.6,London,-0.6,7.7,2025,1,January,False
2025-01-13,5.9,1.5,0.0,11.0,London,3.7,4.4,2025,1,January,False
2025-01-14,8.8,2.5,0.0,11.8,London,5.6,6.3,2025,1,January,False
2025-01-15,10.0,7.6,0.0,7.0,London,8.8,2.4,2025,1,January,False
2025-01-16,9.6,6.0,0.0,10.8,London,7.8,3.6,2025,1,January,False
2025-01-17,6.5,3.6,0.0,8.1,London,5.0,2.9,2025,1,January,False
2025-01-18,3.4,2.2,0.0,7.5,London,2.8,1.2,2025,1,January,False
2025-01-19,3.4,1.8,0.2,8.5,London,2.6,1.6,2025,1,January,True
2025-01-20,6.0,2.2,0.1,8.6,London,4.1,3.8,2025,1,January,True
2025-01-21,4.9,-1.0,0.0,7.3,London,2.0,5.9,2025,1,January,False
2025-01-22,4.3,2.3,1.0,9.2,London,3.3,2.0,2025,1,January,True
2025-01-23,8.2,1.5,4.7,23.2,London,4.8,6.7,2025,1,January,True
2025-01-24,10.8,6.5,3.8,33.5,London,8.6,4.3,2025,1,January,True
2025-01-25,8.0,2.7,2.1,12.8,London,5.4,5.3,2025,1,January,True
2025-01-26,8.9,1.6,8.3,30.2,London,5.2,7.3,2025,1,January,True
2025-01-27,9.4,6.8,9.0,28.3,London,8.1,2.6,2025,1,January,True
2025-01-28,9.5,7.3,4.0,24.8,London,8.4,2.2,2025,1,January,True
2025-01-29,7.8,4.0,0.2,16.3,London,5.9,3.8,2025,1,January,True
2025-01-30,7.5,1.9,0.0,13.2,London,4.7,5.6,2025,1,January,False
2025-01-31,8.0,2.1,3.5,17.7,London,5.0,5.9,2025,1,January,True
2025-02-01,6.9,2.8,0.0,10.6,London,4.8,4.1,2025,2,February,False
2025-02-02,7.5,-0.4,0.0,9.6,London,3.6,7.9,2025,2,February,False
2025-02-03,7.8,-1.2,0.0,11.3,London,3.3,9.0,2025,2,February,False
2025-02-04,10.1,6.1,0.2,20.7,London,8.1,4.0,2025,2,February,True
2025-02-05,9.1,2.5,0.0,11.8,London,5.8,6.6,2025,2,February,False
2025-02-06,7.3,0.7,0.0,16.4,London,4.0,6.6,2025,2,February,False
2025-02-07,4.0,2.6,4.6,22.7,London,3.3,1.4,2025,2,February,True
2025-02-08,6.2,3.4,2.2,14.1,London,4.8,2.8,2025,2,February,True
2025-02-09,5.8,1.3,1.0,14.7,London,3.6,4.5,2025,2,February,True
2025-02-10,4.6,2.5,3.5,17.3,London,3.6,2.1,2025,2,February,True
2025-02-11,5.0,2.6,0.0,11.2,London,3.8,2.4,2025,2,February,False
2025-02-12,6.0,3.2,0.2,9.6,London,4.6,2.8,2025,2,February,True
2025-02-13,4.7,2.4,0.2,11.0,London,3.6,2.3,2025,2,February,True
2025-02-14,4.9,0.9,0.0,14.4,London,2.9,4.0,2025,2,February,False
2025-02-15,5.6,1.8,0.9,10.1,London,3.7,3.8,2025,2,February,True
2025-02-16,4.3,2.0,0.0,17.1,London,3.2,2.3,2025,2,February,False
2025-02-17,5.1,-0.5,0.0,12.4,London,2.3,5.6,2025,2,February,False
2025-02-18,6.3,-0.1,0.0,12.2,London,3.1,6.4,2025,2,February,False
2025-02-19,7.8,1.4,0.0,10.8,London,4.6,6.4,2025,2,February,False
2025-02-20,12.8,7.9,3.1,23.5,London,10.4,4.9,2025,2,February,True
2025-02-21,15.0,11.1,5.3,21.5,London,13.0,3.9,2025,2,February,True
2025-02-22,12.9,7.9,6.1,12.1,London,10.4,5.0,2025,2,February,True
2025-02-23,10.8,6.6,1.4,25.2,London,8.7,4.2,2025,2,February,True
2025-02-24,12.5,7.7,13.8,25.7,London,10.1,4.8,2025,2,February,True
2025-02-25,10.4,5.4,0.8,12.0,London,7.9,5.0,2025,2,February,True
2025-02-26,7.8,3.2,5.8,23.9,London,5.5,4.6,2025,2,February,True
2025-02-27,9.2,3.2,0.0,15.9,London,6.2,6.0,2025,2,February,False
2025-02-28,8.8,0.9,0.0,7.4,London,4.9,7.9,2025,2,February,False
2025-03-01,8.8,0.1,0.0,7.5,London,4.4,8.7,2025,3,March,False
2025-03-02,8.7,-1.3,0.0,6.3,London,3.7,10.0,2025,3,March,False
2025-03-03,10.3,-0.8,0.0,5.0,London,4.8,11.1,2025,3,March,False
2025-03-04,10.9,0.8,0.0,9.8,London,5.9,10.1,2025,3,March,False
2025-03-05,12.9,1.0,0.0,8.4,London,7.0,11.9,2025,3,March,False
2025-03-06,15.8,4.6,0.0,12.3,London,10.2,11.2,2025,3,March,False
2025-03-07,16.0,9.7,0.0,12.8,London,12.8,6.3,2025,3,March,False
2025-03-08,15.8,7.0,0.0,11.2,London,11.4,8.8,2025,3,March,False
2025-03-09,16.2,7.1,0.0,11.0,London,11.6,9.1,2025,3,March,False
2025-03-10,13.8,6.9,0.4,14.7,London,10.4,6.9,2025,3,March,True
2025-03-11,8.2,4.2,0.4,17.2,London,6.2,4.0,2025,3,March,True
2025-03-12,7.4,2.1,4.0,10.3,London,4.8,5.3,2025,3,March,True
2025-03-13,7.1,1.5,0.7,16.0,London,4.3,5.6,2025,3,March,True
2025-03-14,7.9,0.0,0.4,13.3,London,4.0,7.9,2025,3,March,True
2025-03-15,7.7,0.9,0.2,18.1,London,4.3,6.8,2025,3,March,True
2025-03-16,8.0,-0.4,0.0,17.4,London,3.8,8.4,2025,3,March,False
2025-03-17,8.1,4.0,0.3,15.7,London,6.0,4.1,2025,3,March,True
2025-03-18,10.1,2.4,0.0,14.8,London,6.2,7.7,2025,3,March,False
2025-03-19,16.5,1.9,0.0,8.7,London,9.2,14.6,2025,3,March,False
2025-03-20,19.2,5.7,0.0,10.4,London,12.4,13.5,2025,3,March,False
2025-03-21,17.1,9.5,0.8,14.4,London,13.3,7.6,2025,3,March,True
2025-03-22,15.5,11.0,1.4,12.4,London,13.2,4.5,2025,3,March,True
2025-03-23,14.7,8.2,2.8,16.0,London,11.4,6.5,2025,3,March,True
2025-03-24,12.7,7.1,0.0,12.7,London,9.9,5.6,2025,3,March,False
2025-03-25,14.5,4.9,0.2,11.7,London,9.7,9.6,2025,3,March,True
2025-03-26,15.6,9.3,0.3,9.3,London,12.4,6.3,2025,3,March,True
2025-03-27,14.9,5.8,0.0,11.9,London,10.4,9.1,2025,3,March,False
2025-03-28,14.2,7.4,0.8,16.3,London,10.8,6.8,2025,3,March,True
2025-03-29,13.6,3.7,0.0,17.6,London,8.6,9.9,2025,3,March,False
2025-03-30,15.9,9.6,0.0,20.0,London,12.8,6.3,2025,3,March,False
2025-03-31,16.3,5.9,0.0,10.8,London,11.1,10.4,2025,3,March,False
2025-04-01,13.7,5.4,0.0,19.8,London,9.6,8.3,2025,4,April,False
2025-04-02,15.9,7.3,0.0,22.1,London,11.6,8.6,2025,4,April,False
2025-04-03,18.6,8.8,0.0,16.9,London,13.7,9.8,2025,4,April,False
2025-04-04,21.4,10.1,0.0,16.3,London,15.8,11.3,2025,4,April,False
2025-04-05,17.8,6.5,0.0,18.0,London,12.2,11.3,2025,4,April,False
2025-04-06,15.2,6.3,0.0,15.7,London,10.8,8.9,2025,4,April,False
2025-04-07,15.0,4.2,0.0,11.8,London,9.6,10.8,2025,4,April,False
2025-04-08,16.0,4.1,0.0,11.5,London,10.0,11.9,2025,4,April,False
2025-04-09,13.5,3.9,0.0,13.8,London,8.7,9.6,2025,4,April,False
2025-04-10,16.0,5.4,0.0,10.4,London,10.7,10.6,2025,4,April,False
2025-04-11,22.6,6.4,0.0,10.4,London,14.5,16.2,2025,4,April,False
2025-04-12,22.2,8.0,0.0,12.5,London,15.1,14.2,2025,4,April,False
2025-04-13,16.5,11.0,0.3,16.6,London,13.8,5.5,2025,4,April,True
2025-04-14,15.1,6.4,0.1,17.6,London,10.8,8.7,2025,4,April,True
2025-04-15,17.5,9.9,9.8,17.9,London,13.7,7.6,2025,4,April,True
2025-04-16,14.9,8.5,0.2,25.1,London,11.7,6.4,2025,4,April,True
2025-04-17,17.4,5.8,0.0,12.2,London,11.6,11.6,2025,4,April,False
2025-04-18,16.9,9.1,0.1,21.3,London,13.0,7.8,2025,4,April,True
2025-04-19,16.0,8.1,0.2,19.9,London,12.0,7.9,2025,4,April,True
2025-04-20,15.3,5.4,0.0,13.4,London,10.4,9.9,2025,4,April,False
2025-04-21,16.1,9.7,3.7,11.7,London,12.9,6.4,2025,4,April,True
2025-04-22,17.4,6.9,0.0,15.4,London,12.1,10.5,2025,4,April,False
2025-04-23,11.9,8.4,9.5,20.1,London,10.2,3.5,2025,4,April,True
2025-04-24,14.7,7.4,0.0,10.0,London,11.0,7.3,2025,4,April,False
2025-04-25,15.3,6.0,0.0,11.4,London,10.6,9.3,2025,4,April,False
2025-04-26,17.1,8.1,0.0,10.3,London,12.6,9.0,2025,4,April,False
2025-04-27,20.7,8.0,0.0,8.9,London,14.4,12.7,2025,4,April,False
2025-04-28,24.0,10.2,0.0,13.9,London,17.1,13.8,2025,4,April,False
2025-04-29,23.0,10.6,0.0,12.3,London,16.8,12.4,2025,4,April,False
2025-04-30,25.9,9.7,0.0,12.4,London,17.8,16.2,2025,4,April,False
2025-05-01,28.5,11.8,0.0,11.8,London,20.2,16.7,2025,5,May,False
2025-05-02,25.4,14.8,1.5,11.8,London,20.1,10.6,2025,5,May,True
2025-05-03,21.3,10.9,0.0,19.9,London,16.1,10.4,2025,5,May,False
2025-05-04,13.3,7.6,0.0,19.1,London,10.4,5.7,2025,5,May,False
2025-05-05,13.4,5.1,0.9,25.1,London,9.2,8.3,2025,5,May,True
2025-05-06,13.9,6.3,0.1,15.2,London,10.1,7.6,2025,5,May,True
2025-05-07,16.6,6.0,0.0,17.2,London,11.3,10.6,2025,5,May,False
2025-05-08,15.8,8.6,0.0,16.3,London,12.2,7.2,2025,5,May,False
2025-05-09,18.1,6.2,0.0,16.5,London,12.2,11.9,2025,5,May,False
2025-05-10,22.6,9.1,0.0,17.1,London,15.8,13.5,2025,5,May,False
2025-05-11,24.0,11.0,0.0,14.1,London,17.5,13.0,2025,5,May,False
2025-05-12,23.0,13.8,4.7,15.8,London,18.4,9.2,2025,5,May,True
2025-05-13,23.4,12.9,0.0,15.2,London,18.2,10.5,2025,5,May,False
2025-05-14,22.6,9.2,0.0,16.6,London,15.9,13.4,2025,5,May,False
2025-05-15,15.2,8.7,0.0,19.0,London,12.0,6.5,2025,5,May,False
2025-05-16,18.6,7.7,0.0,14.6,London,13.2,10.9,2025,5,May,False
2025-05-17,18.7,9.0,0.0,13.8,London,13.8,9.7,2025,5,May,False
2025-05-18,17.8,9.3,0.0,12.9,London,13.6,8.5,2025,5,May,False
2025-05-19,19.6,10.5,0.2,14.9,London,15.0,9.1,2025,5,May,True
2025-05-20,22.6,9.1,0.0,11.5,London,15.8,13.5,2025,5,May,False
2025-05-21,18.0,12.0,3.0,14.9,London,15.0,6.0,2025,5,May,True
2025-05-22,14.6,8.2,0.0,11.8,London,11.4,6.4,2025,5,May,False
2025-05-23,18.4,6.8,0.1,16.3,London,12.6,11.6,2025,5,May,True
2025-05-24,21.3,12.4,6.0,20.7,London,16.8,8.9,2025,5,May,True
2025-05-25,19.6,13.5,1.0,23.2,London,16.6,6.1,2025,5,May,True
2025-05-26,18.0,11.2,0.0,23.1,London,14.6,6.8,2025,5,May,False
2025-05-27,16.9,13.4,6.6,26.1,London,15.2,3.5,2025,5,May,True
2025-05-28,20.2,13.9,1.1,19.6,London,17.0,6.3,2025,5,May,True
2025-05-29,24.1,13.7,2.1,23.7,London,18.9,10.4,2025,5,May,True
2025-05-30,24.9,14.9,0.2,15.2,London,19.9,10.0,2025,5,May,True
2025-05-31,27.5,16.5,0.0,17.6,London,22.0,11.0,2025,5,May,False
2025-06-01,21.5,14.1,0.0,21.5,London,17.8,7.4,2025,6,June,False
2025-06-02,21.8,12.4,0.4,18.0,London,17.1,9.4,2025,6,June,True
2025-06-03,17.4,11.8,3.7,25.6,London,14.6,5.6,2025,6,June,True
2025-06-04,18.1,10.5,0.1,19.0,London,14.3,7.6,2025,6,June,True
2025-06-05,16.7,12.5,9.2,23.4,London,14.6,4.2,2025,6,June,True
2025-06-06,18.9,10.9,0.9,20.2,London,14.9,8.0,2025,6,June,True
2025-06-07,17.6,11.2,13.5,17.4,London,14.4,6.4,2025,6,June,True
2025-06-08,17.1,9.2,0.0,18.2,London,13.2,7.9,2025,6,June,False
2025-06-09,19.8,10.9,0.0,16.8,London,15.4,8.9,2025,6,June,False
2025-06-10,22.0,13.1,0.2,18.0,London,17.6,8.9,2025,6,June,True
2025-06-11,23.2,12.8,0.2,15.8,London,18.0,10.4,2025,6,June,True
2025-06-12,25.0,14.2,0.8,15.0,London,19.6,10.8,2025,6,June,True
2025-06-13,28.6,16.6,0.6,13.4,London,22.6,12.0,2025,6,June,True
2025-06-14,23.5,16.3,4.6,20.2,London,19.9,7.2,2025,6,June,True
2025-06-15,23.5,13.2,0.2,16.2,London,18.4,10.3,2025,6,June,True
2025-06-16,27.3,14.7,0.0,12.7,London,21.0,12.6,2025,6,June,False
2025-06-17,26.8,15.4,0.0,14.4,London,21.1,11.4,2025,6,June,False
2025-06-18,28.8,15.9,0.0,9.9,London,22.4,12.9,2025,6,June,False
2025-06-19,32.0,18.9,0.0,17.7,London,25.4,13.1,2025,6,June,False
2025-06-20,28.8,17.5,0.0,12.6,London,23.2,11.3,2025,6,June,False
2025-06-21,31.5,18.4,0.0,14.4,London,25.0,13.1,2025,6,June,False
2025-06-22,26.8,17.6,0.0,24.2,London,22.2,9.2,2025,6,June,False
2025-06-23,22.7,16.2,0.4,20.8,London,19.4,6.5,2025,6,June,True
2025-06-24,24.4,14.1,0.3,23.2,London,19.2,10.3,2025,6,June,True
2025-06-25,27.4,16.4,0.0,12.5,London,21.9,11.0,2025,6,June,False
2025-06-26,24.1,17.5,3.7,22.9,London,20.8,6.6,2025,6,June,True
2025-06-27,26.9,13.8,1.8,19.7,London,20.4,13.1,2025,6,June,True
2025-06-28,30.1,18.5,0.1,17.1,London,24.3,11.6,2025,6,June,True
2025-06-29,29.8,18.1,0.0,14.8,London,24.0,11.7,2025,6,June,False
2025-06-30,31.9,18.7,0.0,12.2,London,25.3,13.2,2025,6,June,False
2025-07-01,33.6,23.6,0.0,10.8,London,28.6,10.0,2025,7,July,False
2025-07-02,24.2,17.0,4.1,16.4,London,20.6,7.2,2025,7,July,True
2025-07-03,23.6,12.7,0.0,11.4,London,18.2,10.9,2025,7,July,False
2025-07-04,26.2,14.4,0.0,17.3,London,20.3,11.8,2025,7,July,False
2025-07-05,21.7,16.4,2.1,23.0,London,19.0,5.3,2025,7,July,True
2025-07-06,22.5,17.3,3.8,15.3,London,19.9,5.2,2025,7,July,True
2025-07-07,19.6,13.5,10.0,18.3,London,16.6,6.1,2025,7,July,True
2025-07-08,21.9,12.4,0.2,13.8,London,17.2,9.5,2025,7,July,True
2025-07-09,25.2,13.7,0.9,8.7,London,19.4,11.5,2025,7,July,True
2025-07-10,30.0,17.7,0.0,12.2,London,23.8,12.3,2025,7,July,False
2025-07-11,31.7,19.0,0.0,9.7,London,25.4,12.7,2025,7,July,False
2025-07-12,28.8,19.9,0.0,12.4,London,24.4,8.9,2025,7,July,False
2025-07-13,27.7,15.8,0.1,9.8,London,21.8,11.9,2025,7,July,True
2025-07-14,24.9,18.3,0.9,23.2,London,21.6,6.6,2025,7,July,True
2025-07-15,21.6,14.5,0.7,24.2,London,18.0,7.1,2025,7,July,True
2025-07-16,23.8,15.2,0.0,17.0,London,19.5,8.6,2025,7,July,False
2025-07-17,25.8,18.8,0.8,10.7,London,22.3,7.0,2025,7,July,True
2025-07-18,29.4,18.2,0.0,12.3,London,23.8,11.2,2025,7,July,False
2025-07-19,22.5,17.9,16.1,10.2,London,20.2,4.6,2025,7,July,True
2025-07-20,20.4,16.1,2.8,17.2,London,18.2,4.3,2025,7,July,True
2025-07-21,22.6,14.4,0.6,13.4,London,18.5,8.2,2025,7,July,True
2025-07-22,22.3,15.3,1.0,12.3,London,18.8,7.0,2025,7,July,True
2025-07-23,22.0,15.0,1.7,10.0,London,18.5,7.0,2025,7,July,True
2025-07-24,20.8,15.4,0.9,16.4,London,18.1,5.4,2025,7,July,True
2025-07-25,25.4,15.4,0.0,10.9,London,20.4,10.0,2025,7,July,False
2025-07-26,23.2,15.9,0.2,11.2,London,19.6,7.3,2025,7,July,True
2025-07-27,21.5,15.2,0.3,14.3,London,18.4,6.3,2025,7,July,True
2025-07-28,24.2,15.0,0.0,13.7,London,19.6,9.2,2025,7,July,False
2025-07-29,21.9,15.2,0.8,9.6,London,18.5,6.7,2025,7,July,True
2025-07-30,24.7,16.2,0.8,14.0,London,20.4,8.5,2025,7,July,True
2025-07-31,22.6,16.6,26.7,12.4,London,19.6,6.0,2025,7,July,True
2025-08-01,19.7,13.1,1.2,16.2,London,16.4,6.6,2025,8,August,True
2025-08-02,19.9,13.1,0.0,9.6,London,16.5,6.8,2025,8,August,False
2025-08-03,23.0,12.8,2.5,17.2,London,17.9,10.2,2025,8,August,True
2025-08-04,21.5,16.3,1.0,24.0,London,18.9,5.2,2025,8,August,True
2025-08-05,20.7,13.1,0.0,19.7,London,16.9,7.6,2025,8,August,False
2025-08-06,22.2,11.7,0.0,12.3,London,17.0,10.5,2025,8,August,False
2025-08-07,23.0,14.6,0.0,19.8,London,18.8,8.4,2025,8,August,False
2025-08-08,25.1,15.5,0.0,13.7,London,20.3,9.6,2025,8,August,False
2025-08-09,24.8,14.5,0.0,17.1,London,19.6,10.3,2025,8,August,False
2025-08-10,26.2,14.8,0.0,9.7,London,20.5,11.4,2025,8,August,False
2025-08-11,29.7,16.4,0.5,12.2,London,23.0,13.3,2025,8,August,True
2025-08-12,31.0,18.8,0.6,13.3,London,24.9,12.2,2025,8,August,True
2025-08-13,27.8,18.3,0.0,14.6,London,23.0,9.5,2025,8,August,False
2025-08-14,26.9,16.6,0.0,13.1,London,21.8,10.3,2025,8,August,False
2025-08-15,29.5,17.8,0.0,15.1,London,23.6,11.7,2025,8,August,False
2025-08-16,22.5,16.4,0.1,13.4,London,19.4,6.1,2025,8,August,True
2025-08-17,24.4,13.0,0.0,12.6,London,18.7,11.4,2025,8,August,False
2025-08-18,21.5,16.9,0.2,13.6,London,19.2,4.6,2025,8,August,True
2025-08-19,25.1,15.1,0.1,16.5,London,20.1,10.0,2025,8,August,True
2025-08-20,20.6,14.9,0.0,17.1,London,17.8,5.7,2025,8,August,False
2025-08-21,20.0,13.5,0.1,14.6,London,16.8,6.5,2025,8,August,True
2025-08-22,22.8,11.6,0.0,9.9,London,17.2,11.2,2025,8,August,False
2025-08-23,21.9,16.1,0.0,9.9,London,19.0,5.8,2025,8,August,False
2025-08-24,23.6,14.6,0.0,9.7,London,19.1,9.0,2025,8,August,False
2025-08-25,26.0,15.1,0.0,12.6,London,20.6,10.9,2025,8,August,False
2025-08-26,25.3,18.3,0.2,18.9,London,21.8,7.0,2025,8,August,True
2025-08-27,21.8,15.5,1.3,20.8,London,18.6,6.3,2025,8,August,True
2025-08-28,20.5,13.0,2.4,19.6,London,16.8,7.5,2025,8,August,True
2025-08-29,19.7,14.3,19.5,14.8,London,17.0,5.4,2025,8,August,True
2025-08-30,20.0,13.1,2.0,23.3,London,16.6,6.9,2025,8,August,True
2025-08-31,20.2,14.0,0.9,21.3,London,17.1,6.2,2025,8,August,True
2025-09-01,19.3,14.5,3.3,22.7,London,16.9,4.8,2025,9,September,True
2025-09-02,19.0,12.8,1.8,15.4,London,15.9,6.2,2025,9,September,True
2025-09-03,20.0,15.6,25.7,27.5,London,17.8,4.4,2025,9,September,True
2025-09-04,18.8,14.1,4.7,20.7,London,16.4,4.7,2025,9,September,True
2025-09-05,20.7,11.4,0.0,9.8,London,16.0,9.3,2025,9,September,False
2025-09-06,22.0,13.3,0.0,17.6,London,17.6,8.7,2025,9,September,False
2025-09-07,24.5,15.7,0.0,18.0,London,20.1,8.8,2025,9,September,False
2025-09-08,19.6,13.6,0.1,13.4,London,16.6,6.0,2025,9,September,True
2025-09-09,19.8,11.0,0.3,11.3,London,15.4,8.8,2025,9,September,True
2025-09-10,18.0,14.3,7.7,19.4,London,16.2,3.7,2025,9,September,True
2025-09-11,18.0,12.1,3.7,22.8,London,15.0,5.9,2025,9,September,True
2025-09-12,17.6,10.9,4.4,18.4,London,14.2,6.7,2025,9,September,True
2025-09-13,17.2,11.8,3.0,17.7,London,14.5,5.4,2025,9,September,True
2025-09-14,17.8,9.2,3.5,26.3,London,13.5,8.6,2025,9,September,True
2025-09-15,17.8,14.1,0.4,31.6,London,16.0,3.7,2025,9,September,True
2025-09-16,18.3,12.0,0.0,21.8,London,15.2,6.3,2025,9,September,False
2025-09-17,18.8,12.5,1.1,24.4,London,15.6,6.3,2025,9,September,True
2025-09-18,21.5,16.1,0.0,21.9,London,18.8,5.4,2025,9,September,False
2025-09-19,25.4,15.0,0.0,13.3,London,20.2,10.4,2025,9,September,False
2025-09-20,21.1,13.8,0.0,24.5,London,17.5,7.3,2025,9,September,False
2025-09-21,15.5,9.5,0.0,22.5,London,12.5,6.0,2025,9,September,False
2025-09-22,15.7,7.5,0.0,16.2,London,11.6,8.2,2025,9,September,False
2025-09-23,16.4,7.2,0.0,15.7,London,11.8,9.2,2025,9,September,False
2025-09-24,17.5,9.6,0.0,16.1,London,13.6,7.9,2025,9,September,False
2025-09-25,18.3,9.5,0.0,17.6,London,13.9,8.8,2025,9,September,False
2025-09-26,16.1,9.4,1.1,15.7,London,12.8,6.7,2025,9,September,True
2025-09-27,17.4,10.6,0.0,15.1,London,14.0,6.8,2025,9,September,False
2025-09-28,16.8,11.8,0.5,9.4,London,14.3,5.0,2025,9,September,True
2025-09-29,17.7,8.0,0.0,8.6,London,12.8,9.7,2025,9,September,False
2025-09-30,18.3,8.9,0.0,6.4,London,13.6,9.4,2025,9,September,False
2025-10-01,17.9,9.9,0.1,8.8,London,13.9,8.0,2025,10,October,True
2025-10-02,18.5,10.2,0.0,15.7,London,14.4,8.3,2025,10,October,False
2025-10-03,17.9,14.3,11.6,28.6,London,16.1,3.6,2025,10,October,True
2025-10-04,17.1,11.3,4.4,31.5,London,14.2,5.8,2025,10,October,True
2025-10-05,15.7,10.6,0.0,22.5,London,13.2,5.1,2025,10,October,False
2025-10-06,18.6,9.6,0.0,11.4,London,14.1,9.0,2025,10,October,False
2025-10-07,17.0,11.6,0.0,12.3,London,14.3,5.4,2025,10,October,False
2025-10-08,16.8,11.3,0.4,8.2,London,14.0,5.5,2025,10,October,True
2025-10-09,15.0,8.8,0.0,11.1,London,11.9,6.2,2025,10,October,False
2025-10-10,15.8,12.0,0.1,7.2,London,13.9,3.8,2025,10,October,True
2025-10-11,14.8,10.6,0.0,5.5,London,12.7,4.2,2025,10,October,False
2025-10-12,15.0,7.5,0.0,9.1,London,11.2,7.5,2025,10,October,False
2025-10-13,15.6,12.3,0.2,12.1,London,14.0,3.3,2025,10,October,True
2025-10-14,13.7,10.8,0.1,11.1,London,12.2,2.9,2025,10,October,True
2025-10-15,13.0,10.5,0.0,10.5,London,11.8,2.5,2025,10,October,False
2025-10-16,15.4,9.5,0.0,7.8,London,12.4,5.9,2025,10,October,False
2025-10-17,14.8,11.1,0.0,8.6,London,13.0,3.7,2025,10,October,False
2025-10-18,14.6,11.1,0.0,13.5,London,12.8,3.5,2025,10,October,False
2025-10-19,15.3,12.0,6.1,17.6,London,13.6,3.3,2025,10,October,True
2025-10-20,14.6,11.8,3.4,17.3,London,13.2,2.8,2025,10,October,True
2025-10-21,15.3,10.9,0.2,17.7,London,13.1,4.4,2025,10,October,True
2025-10-22,14.6,8.9,7.8,15.3,London,11.8,5.7,2025,10,October,True
2025-10-23,11.7,7.3,16.3,25.6,London,9.5,4.4,2025,10,October,True
2025-10-24,12.0,5.8,0.0,20.2,London,8.9,6.2,2025,10,October,False
2025-10-25,11.8,6.5,1.1,17.4,London,9.2,5.3,2025,10,October,True
2025-10-26,10.9,4.9,0.7,19.3,London,7.9,6.0,2025,10,October,True
2025-10-27,12.8,9.9,0.0,26.7,London,11.4,2.9,2025,10,October,False
2025-10-28,14.4,11.3,0.3,21.0,London,12.8,3.1,2025,10,October,True
2025-10-29,12.5,7.7,4.7,14.9,London,10.1,4.8,2025,10,October,True
2025-10-30,12.9,5.6,0.0,17.7,London,9.2,7.3,2025,10,October,False
2025-10-31,15.7,12.8,4.2,22.7,London,14.2,2.9,2025,10,October,True
2025-11-01,15.8,9.5,4.7,25.9,London,12.6,6.3,2025,11,November,True
2025-11-02,12.2,7.5,3.8,14.8,London,9.8,4.7,2025,11,November,True
2025-11-03,15.9,7.4,1.3,20.7,London,11.6,8.5,2025,11,November,True
2025-11-04,15.4,13.6,0.0,19.9,London,14.5,1.8,2025,11,November,False
2025-11-05,17.2,14.5,0.1,19.7,London,15.8,2.7,2025,11,November,True
2025-11-06,16.6,14.1,1.1,14.3,London,15.4,2.5,2025,11,November,True
2025-11-07,15.0,12.1,0.3,12.7,London,13.6,2.9,2025,11,November,True
2025-11-08,14.1,9.1,2.9,12.0,London,11.6,5.0,2025,11,November,True
2025-11-09,14.0,5.2,0.0,15.9,London,9.6,8.8,2025,11,November,False
2025-11-10,13.2,8.7,5.8,18.5,London,11.0,4.5,2025,11,November,True
2025-11-11,14.8,8.3,1.0,21.6,London,11.6,6.5,2025,11,November,True
2025-11-12,16.4,13.2,0.8,23.6,London,14.8,3.2,2025,11,November,True
2025-11-13,16.7,13.0,4.6,15.7,London,14.8,3.7,2025,11,November,True
2025-11-14,14.3,12.1,15.2,14.0,London,13.2,2.2,2025,11,November,True
2025-11-15,13.2,10.4,0.3,10.1,London,11.8,2.8,2025,11,November,True
2025-11-16,10.6,6.7,0.6,12.9,London,8.6,3.9,2025,11,November,True
2025-11-17,7.6,3.2,0.0,16.2,London,5.4,4.4,2025,11,November,False
2025-11-18,6.9,-0.1,0.1,12.9,London,3.4,7.0,2025,11,November,True
2025-11-19,5.0,0.9,6.3,24.9,London,3.0,4.1,2025,11,November,True
2025-11-20,3.6,-1.4,0.0,15.0,London,1.1,5.0,2025,11,November,False
2025-11-21,5.7,0.6,0.0,13.8,London,3.2,5.1,2025,11,November,False
2025-11-22,7.8,0.9,10.4,19.6,London,4.4,6.9,2025,11,November,True
2025-11-23,10.0,5.6,9.7,22.5,London,7.8,4.4,2025,11,November,True
2025-11-24,6.9,4.2,1.6,17.3,London,5.6,2.7,2025,11,November,True
2025-11-25,6.6,3.7,0.0,16.8,London,5.2,2.9,2025,11,November,False
2025-11-26,8.4,-0.1,0.4,15.1,London,4.2,8.5,2025,11,November,True
2025-11-27,13.3,8.8,1.4,19.2,London,11.0,4.5,2025,11,November,True
2025-11-28,13.3,8.6,0.2,18.6,London,11.0,4.7,2025,11,November,True
2025-11-29,11.5,5.1,3.9,24.2,London,8.3,6.4,2025,11,November,True
2025-11-30,7.6,3.0,0.0,12.5,London,5.3,4.6,2025,11,November,False
2025-12-01,11.8,6.6,5.5,30.3,London,9.2,5.2,2025,12,December,True
2025-12-02,10.7,6.9,3.8,21.7,London,8.8,3.8,2025,12,December,True
2025-12-03,9.2,3.4,0.8,12.6,London,6.3,5.8,2025,12,December,True
2025-12-04,8.2,2.8,6.1,16.6,London,5.5,5.4,2025,12,December,True
2025-12-05,9.0,-0.4,10.6,30.2,London,4.3,9.4,2025,12,December,True
2025-12-06,11.8,8.9,1.0,20.6,London,10.4,2.9,2025,12,December,True
2025-12-07,14.1,8.2,4.3,25.6,London,11.1,5.9,2025,12,December,True
2025-12-08,13.8,10.4,0.4,16.5,London,12.1,3.4,2025,12,December,True
2025-12-09,14.4,12.0,6.9,24.9,London,13.2,2.4,2025,12,December,True
2025-12-10,12.8,8.5,0.0,19.4,London,10.6,4.3,2025,12,December,False
2025-12-11,11.6,7.7,0.0,14.2,London,9.6,3.9,2025,12,December,False
2025-12-12,12.1,7.1,0.2,13.8,London,9.6,5.0,2025,12,December,True
2025-12-13,9.1,3.4,0.0,12.5,London,6.2,5.7,2025,12,December,False
2025-12-14,10.4,6.2,0.0,18.3,London,8.3,4.2,2025,12,December,False
2025-12-15,11.3,9.9,0.0,18.1,London,10.6,1.4,2025,12,December,False
2025-12-16,11.4,7.0,4.5,12.7,London,9.2,4.4,2025,12,December,True
2025-12-17,9.9,1.7,0.0,21.3,London,5.8,8.2,2025,12,December,False
2025-12-18,12.7,10.1,17.5,30.6,London,11.4,2.6,2025,12,December,True
2025-12-19,11.3,6.7,0.4,18.8,London,9.0,4.6,2025,12,December,True
2025-12-20,9.1,4.0,0.0,11.4,London,6.6,5.1,2025,12,December,False
2025-12-21,10.3,7.1,4.3,16.2,London,8.7,3.2,2025,12,December,True
2025-12-22,10.6,7.7,1.7,13.9,London,9.2,2.9,2025,12,December,True
2025-12-23,7.6,6.0,0.1,16.1,London,6.8,1.6,2025,12,December,True
2025-12-24,5.9,3.6,0.0,24.6,London,4.8,2.3,2025,12,December,False
2025-12-25,5.1,3.0,0.0,23.3,London,4.0,2.1,2025,12,December,False
2025-12-26,5.8,3.2,0.0,17.9,London,4.5,2.6,2025,12,December,False
2025-12-27,7.5,2.5,0.0,22.2,London,5.0,5.0,2025,12,December,False
2025-12-28,7.1,4.5,0.0,14.8,London,5.8,2.6,2025,12,December,False
2025-12-29,6.1,3.1,0.0,11.9,London,4.6,3.0,2025,12,December,False
2025-12-30,6.1,1.9,0.0,12.2,London,4.0,4.2,2025,12,December,False
2025-12-31,2.7,-1.3,0.0,11.4,London,0.7,4.0,2025,12,December,False
2025-01-01,11.0,3.9,4.5,23.2,New York,7.4,7.1,2025,1,January,True
2025-01-02,5.4,0.3,0.0,25.1,New York,2.8,5.1,2025,1,January,False
2025-01-03,3.2,-1.9,0.0,17.1,New York,0.7,5.1,2025,1,January,False
2025-01-04,-0.1,-2.7,0.0,26.1,New York,-1.4,2.6,2025,1,January,False
2025-01-05,0.4,-3.6,0.0,19.9,New York,-1.6,4.0,2025,1,January,False
2025-01-06,-1.6,-4.5,1.7,16.7,New York,-3.0,2.9,2025,1,January,True
2025-01-07,-3.0,-8.7,0.0,29.9,New York,-5.8,5.7,2025,1,January,False
2025-01-08,-2.5,-6.6,0.0,25.4,New York,-4.6,4.1,2025,1,January,False
2025-01-09,-1.5,-6.8,0.0,29.0,New York,-4.2,5.3,2025,1,January,False
2025-01-10,3.3,-3.9,0.0,22.5,New York,-0.3,7.2,2025,1,January,False
2025-01-11,0.5,-2.9,2.0,17.3,New York,-1.2,3.4,2025,1,January,True
2025-01-12,4.9,-1.9,0.0,14.9,New York,1.5,6.8,2025,1,January,False
2025-01-13,6.6,-1.9,0.0,18.3,New York,2.3,8.5,2025,1,January,False
2025-01-14,0.4,-3.7,0.0,21.1,New York,-1.6,4.1,2025,1,January,False
2025-01-15,-1.1,-5.7,0.0,23.7,New York,-3.4,4.6,2025,1,January,False
2025-01-16,-0.6,-5.9,0.3,10.7,New York,-3.2,5.3,2025,1,January,True
2025-01-17,5.0,-5.0,0.0,10.8,New York,0.0,10.0,2025,1,January,False
2025-01-18,6.5,-0.9,2.1,14.9,New York,2.8,7.4,2025,1,January,True
2025-01-19,2.6,-2.1,8.8,18.3,New York,0.2,4.7,2025,1,January,True
2025-01-20,-2.6,-10.5,0.2,16.3,New York,-6.6,7.9,2025,1,January,True
2025-01-21,-8.4,-15.8,0.4,10.0,New York,-12.1,7.4,2025,1,January,True
2025-01-22,-8.2,-16.7,0.0,11.0,New York,-12.4,8.5,2025,1,January,False
2025-01-23,-3.5,-13.1,0.0,8.3,New York,-8.3,9.6,2025,1,January,False
2025-01-24,-1.1,-10.7,0.0,10.7,New York,-5.9,9.6,2025,1,January,False
2025-01-25,-2.0,-13.0,0.0,11.6,New York,-7.5,11.0,2025,1,January,False
2025-01-26,4.1,-5.6,0.0,15.9,New York,-0.8,9.7,2025,1,January,False
2025-01-27,2.1,-4.9,0.0,17.7,New York,-1.4,7.0,2025,1,January,False
2025-01-28,4.4,-3.0,0.0,23.3,New York,0.7,7.4,2025,1,January,False
2025-01-29,9.2,0.3,0.0,23.3,New York,4.8,8.9,2025,1,January,False
2025-01-30,1.1,-6.3,0.0,15.5,New York,-2.6,7.4,2025,1,January,False
2025-01-31,6.2,0.7,10.3,13.5,New York,3.4,5.5,2025,1,January,True
2025-02-01,6.2,-5.8,2.4,19.4,New York,0.2,12.0,2025,2,February,True
2025-02-02,1.4,-9.6,1.2,11.7,New York,-4.1,11.0,2025,2,February,True
2025-02-03,6.1,-3.1,0.3,12.8,New York,1.5,9.2,2025,2,February,True
2025-02-04,6.2,-0.5,0.3,23.0,New York,2.8,6.7,2025,2,February,True
2025-02-05,1.8,-3.5,0.0,14.5,New York,-0.8,5.3,2025,2,February,False
2025-02-06,4.5,-1.9,8.5,14.1,New York,1.3,6.4,2025,2,February,True
2025-02-07,5.1,-2.7,0.0,25.7,New York,1.2,7.8,2025,2,February,False
2025-02-08,1.2,-4.4,7.8,10.1,New York,-1.6,5.6,2025,2,February,True
2025-02-09,1.4,-2.2,6.4,13.1,New York,-0.4,3.6,2025,2,February,True
2025-02-10,0.6,-5.2,0.0,12.9,New York,-2.3,5.8,2025,2,February,False
2025-02-11,-0.2,-9.2,1.2,5.7,New York,-4.7,9.0,2025,2,February,True
2025-02-12,0.4,-2.2,4.5,13.0,New York,-0.9,2.6,2025,2,February,True
2025-02-13,7.2,0.6,6.6,19.4,New York,3.9,6.6,2025,2,February,True
2025-02-14,1.0,-3.2,0.0,19.2,New York,-1.1,4.2,2025,2,February,False
2025-02-15,1.7,-4.0,6.9,12.7,New York,-1.2,5.7,2025,2,February,True
2025-02-16,7.4,0.9,23.1,28.7,New York,4.2,6.5,2025,2,February,True
2025-02-17,0.9,-3.5,0.0,27.2,New York,-1.3,4.4,2025,2,February,False
2025-02-18,-3.0,-8.4,0.0,20.5,New York,-5.7,5.4,2025,2,February,False
2025-02-19,-1.1,-9.2,0.0,16.5,New York,-5.1,8.1,2025,2,February,False
2025-02-20,-1.1,-8.7,0.9,19.3,New York,-4.9,7.6,2025,2,February,True
2025-02-21,-0.3,-6.4,0.0,20.6,New York,-3.4,6.1,2025,2,February,False
2025-02-22,3.7,-7.4,0.0,15.0,New York,-1.8,11.1,2025,2,February,False
2025-02-23,8.0,-1.8,0.0,11.7,New York,3.1,9.8,2025,2,February,False
2025-02-24,8.3,-1.8,0.0,17.4,New York,3.3,10.1,2025,2,February,False
2025-02-25,12.6,3.7,0.0,12.9,New York,8.2,8.9,2025,2,February,False
2025-02-26,13.8,2.4,0.1,19.1,New York,8.1,11.4,2025,2,February,True
2025-02-27,12.1,4.7,9.2,14.8,New York,8.4,7.4,2025,2,February,True
2025-02-28,9.8,1.9,0.0,17.8,New York,5.9,7.9,2025,2,February,False
2025-03-01,16.1,-0.8,0.0,26.3,New York,7.6,16.9,2025,3,March,False
2025-03-02,0.6,-7.3,0.0,19.2,New York,-3.4,7.9,2025,3,March,False
2025-03-03,3.7,-5.6,0.0,13.0,New York,-0.9,9.3,2025,3,March,False
2025-03-04,13.0,-2.0,0.0,13.1,New York,5.5,15.0,2025,3,March,False
2025-03-05,12.6,5.7,39.2,28.0,New York,9.2,6.9,2025,3,March,True
2025-03-06,12.2,2.4,2.9,25.2,New York,7.3,9.8,2025,3,March,True
2025-03-07,8.3,-0.8,0.0,30.4,New York,3.8,9.1,2025,3,March,False
2025-03-08,6.2,1.1,0.0,22.7,New York,3.6,5.1,2025,3,March,False
2025-03-09,10.4,-2.3,0.0,24.4,New York,4.1,12.7,2025,3,March,False
2025-03-10,17.2,3.7,0.0,13.2,New York,10.4,13.5,2025,3,March,False
2025-03-11,16.2,2.8,0.0,11.2,New York,9.5,13.4,2025,3,March,False
2025-03-12,11.4,3.2,0.0,15.0,New York,7.3,8.2,2025,3,March,False
2025-03-13,10.5,2.0,0.0,10.9,New York,6.2,8.5,2025,3,March,False
2025-03-14,12.9,0.8,0.0,10.5,New York,6.8,12.1,2025,3,March,False
2025-03-15,9.3,3.7,0.5,11.9,New York,6.5,5.6,2025,3,March,True
2025-03-16,15.9,7.5,8.2,24.3,New York,11.7,8.4,2025,3,March,True
2025-03-17,14.8,3.4,30.9,22.0,New York,9.1,11.4,2025,3,March,True
2025-03-18,14.2,0.7,0.0,17.8,New York,7.4,13.5,2025,3,March,False
2025-03-19,14.2,2.9,0.0,10.3,New York,8.5,11.3,2025,3,March,False
2025-03-20,10.1,5.6,11.4,16.4,New York,7.8,4.5,2025,3,March,True
2025-03-21,9.4,2.5,7.3,25.7,New York,6.0,6.9,2025,3,March,True
2025-03-22,16.5,2.5,0.0,22.1,New York,9.5,14.0,2025,3,March,False
2025-03-23,8.3,-2.4,0.0,18.0,New York,3.0,10.7,2025,3,March,False
2025-03-24,10.6,4.1,13.7,16.5,New York,7.4,6.5,2025,3,March,True
2025-03-25,14.3,4.9,0.0,26.2,New York,9.6,9.4,2025,3,March,False
2025-03-26,10.2,2.2,0.3,18.0,New York,6.2,8.0,2025,3,March,True
2025-03-27,9.9,-0.5,0.0,16.1,New York,4.7,10.4,2025,3,March,False
2025-03-28,15.8,4.6,1.3,13.2,New York,10.2,11.2,2025,3,March,True
2025-03-29,26.4,7.4,7.3,21.7,New York,16.9,19.0,2025,3,March,True
2025-03-30,13.9,5.7,0.3,9.0,New York,9.8,8.2,2025,3,March,True
2025-03-31,24.0,8.2,39.2,21.2,New York,16.1,15.8,2025,3,March,True
2025-04-01,16.0,4.6,6.6,22.6,New York,10.3,11.4,2025,4,April,True
2025-04-02,8.5,0.3,0.0,16.0,New York,4.4,8.2,2025,4,April,False
2025-04-03,22.4,6.7,1.5,22.0,New York,14.6,15.7,2025,4,April,True
2025-04-04,21.3,12.9,7.2,15.6,New York,17.1,8.4,2025,4,April,True
2025-04-05,12.8,6.1,1.5,16.5,New York,9.4,6.7,2025,4,April,True
2025-04-06,15.5,6.1,3.1,14.0,New York,10.8,9.4,2025,4,April,True
2025-04-07,9.2,4.5,8.5,11.9,New York,6.8,4.7,2025,4,April,True
2025-04-08,6.8,2.0,0.0,27.0,New York,4.4,4.8,2025,4,April,False
2025-04-09,8.4,-1.6,0.0,15.0,New York,3.4,10.0,2025,4,April,False
2025-04-10,9.6,1.7,0.7,17.2,New York,5.6,7.9,2025,4,April,True
2025-04-11,7.5,4.6,11.7,17.9,New York,6.0,2.9,2025,4,April,True
2025-04-12,5.7,1.7,17.2,23.0,New York,3.7,4.0,2025,4,April,True
2025-04-13,14.1,4.0,0.0,19.7,New York,9.0,10.1,2025,4,April,False
2025-04-14,16.3,5.0,0.0,11.3,New York,10.6,11.3,2025,4,April,False
2025-04-15,18.8,9.0,1.4,26.7,New York,13.9,9.8,2025,4,April,True
2025-04-16,10.3,5.4,0.0,25.8,New York,7.8,4.9,2025,4,April,False
2025-04-17,15.6,3.4,0.0,14.7,New York,9.5,12.2,2025,4,April,False
2025-04-18,18.4,4.1,0.0,17.6,New York,11.2,14.3,2025,4,April,False
2025-04-19,27.1,15.7,0.1,19.5,New York,21.4,11.4,2025,4,April,True
2025-04-20,22.1,10.9,0.0,19.6,New York,16.5,11.2,2025,4,April,False
2025-04-21,13.6,7.3,0.3,14.6,New York,10.4,6.3,2025,4,April,True
2025-04-22,27.1,11.1,0.1,15.5,New York,19.1,16.0,2025,4,April,True
2025-04-23,25.2,9.8,0.0,14.7,New York,17.5,15.4,2025,4,April,False
2025-04-24,26.3,11.4,0.0,15.7,New York,18.8,14.9,2025,4,April,False
2025-04-25,25.0,14.4,0.0,16.4,New York,19.7,10.6,2025,4,April,False
2025-04-26,22.3,13.9,13.2,21.4,New York,18.1,8.4,2025,4,April,True
2025-04-27,14.2,8.4,0.0,30.4,New York,11.3,5.8,2025,4,April,False
2025-04-28,22.7,9.1,0.0,12.7,New York,15.9,13.6,2025,4,April,False
2025-04-29,27.1,11.1,0.0,19.3,New York,19.1,16.0,2025,4,April,False
2025-04-30,22.8,16.4,0.0,17.9,New York,19.6,6.4,2025,4,April,False
2025-05-01,21.2,10.3,0.0,14.6,New York,15.8,10.9,2025,5,May,False
2025-05-02,30.1,14.3,0.0,16.0,New York,22.2,15.8,2025,5,May,False
2025-05-03,29.0,18.3,8.7,14.7,New York,23.6,10.7,2025,5,May,True
2025-05-04,21.3,15.3,13.6,13.1,New York,18.3,6.0,2025,5,May,True
2025-05-05,20.3,14.4,12.7,13.5,New York,17.4,5.9,2025,5,May,True
2025-05-06,19.1,14.0,21.3,15.2,New York,16.6,5.1,2025,5,May,True
2025-05-07,22.6,13.9,0.3,11.8,New York,18.2,8.7,2025,5,May,True
2025-05-08,24.3,13.6,0.4,11.0,New York,19.0,10.7,2025,5,May,True
2025-05-09,16.9,12.2,14.6,12.5,New York,14.6,4.7,2025,5,May,True
2025-05-10,20.6,10.2,0.0,23.3,New York,15.4,10.4,2025,5,May,False
2025-05-11,23.4,11.3,0.0,12.3,New York,17.4,12.1,2025,5,May,False
2025-05-12,20.4,10.9,0.0,11.6,New York,15.6,9.5,2025,5,May,False
2025-05-13,20.4,14.8,3.9,11.0,New York,17.6,5.6,2025,5,May,True
2025-05-14,19.3,15.0,26.5,17.1,New York,17.2,4.3,2025,5,May,True
2025-05-15,23.0,15.6,4.1,10.9,New York,19.3,7.4,2025,5,May,True
2025-05-16,22.4,15.2,0.9,13.4,New York,18.8,7.2,2025,5,May,True
2025-05-17,26.8,17.3,2.5,19.2,New York,22.0,9.5,2025,5,May,True
2025-05-18,23.2,14.9,0.5,24.9,New York,19.0,8.3,2025,5,May,True
2025-05-19,20.1,12.2,0.0,21.8,New York,16.2,7.9,2025,5,May,False
2025-05-20,18.6,8.7,0.0,15.2,New York,13.6,9.9,2025,5,May,False
2025-05-21,14.0,9.6,4.0,18.1,New York,11.8,4.4,2025,5,May,True
2025-05-22,12.6,9.0,22.8,20.4,New York,10.8,3.6,2025,5,May,True
2025-05-23,16.8,8.8,3.2,13.9,New York,12.8,8.0,2025,5,May,True
2025-05-24,17.1,8.5,0.5,18.2,New York,12.8,8.6,2025,5,May,True
2025-05-25,19.3,10.4,0.0,17.6,New York,14.8,8.9,2025,5,May,False
2025-05-26,22.3,10.5,0.0,13.1,New York,16.4,11.8,2025,5,May,False
2025-05-27,25.6,11.9,0.0,14.7,New York,18.8,13.7,2025,5,May,False
2025-05-28,19.0,12.5,10.6,11.6,New York,15.8,6.5,2025,5,May,True
2025-05-29,21.7,12.7,2.9,12.2,New York,17.2,9.0,2025,5,May,True
2025-05-30,23.5,16.2,7.7,11.8,New York,19.8,7.3,2025,5,May,True
2025-05-31,19.5,12.3,39.4,25.6,New York,15.9,7.2,2025,5,May,True
2025-06-01,18.8,9.7,0.0,20.8,New York,14.2,9.1,2025,6,June,False
2025-06-02,21.6,9.9,0.0,12.3,New York,15.8,11.7,2025,6,June,False
2025-06-03,26.8,11.4,0.0,10.8,New York,19.1,15.4,2025,6,June,False
2025-06-04,29.8,14.6,0.0,14.2,New York,22.2,15.2,2025,6,June,False
2025-06-05,34.9,20.3,0.0,16.2,New York,27.6,14.6,2025,6,June,False
2025-06-06,31.9,21.7,3.5,13.8,New York,26.8,10.2,2025,6,June,True
2025-06-07,26.8,20.3,3.6,17.2,New York,23.6,6.5,2025,6,June,True
2025-06-08,24.2,16.6,1.7,15.2,New York,20.4,7.6,2025,6,June,True
2025-06-09,21.5,15.2,3.1,10.5,New York,18.4,6.3,2025,6,June,True
2025-06-10,25.7,17.1,17.5,12.5,New York,21.4,8.6,2025,6,June,True
2025-06-11,29.0,17.0,0.0,18.7,New York,23.0,12.0,2025,6,June,False
2025-06-12,33.8,19.8,0.3,16.4,New York,26.8,14.0,2025,6,June,True
2025-06-13,29.8,20.3,0.0,12.5,New York,25.0,9.5,2025,6,June,False
2025-06-14,21.0,15.9,5.3,14.4,New York,18.4,5.1,2025,6,June,True
2025-06-15,19.7,15.2,5.4,11.0,New York,17.4,4.5,2025,6,June,True
2025-06-16,20.0,15.8,3.0,12.1,New York,17.9,4.2,2025,6,June,True
2025-06-17,21.3,17.2,5.2,10.8,New York,19.2,4.1,2025,6,June,True
2025-06-18,28.6,18.3,11.6,12.1,New York,23.5,10.3,2025,6,June,True
2025-06-19,31.4,22.1,4.7,17.1,New York,26.8,9.3,2025,6,June,True
2025-06-20,28.3,18.5,0.3,17.8,New York,23.4,9.8,2025,6,June,True
2025-06-21,33.2,20.1,0.0,15.2,New York,26.6,13.1,2025,6,June,False
2025-06-22,34.1,24.3,0.3,19.3,New York,29.2,9.8,2025,6,June,True
2025-06-23,40.3,26.6,0.0,7.1,New York,33.4,13.7,2025,6,June,False
2025-06-24,40.4,29.0,0.0,17.6,New York,34.7,11.4,2025,6,June,False
2025-06-25,38.4,28.4,0.3,15.9,New York,33.4,10.0,2025,6,June,True
2025-06-26,30.7,20.0,0.3,17.3,New York,25.4,10.7,2025,6,June,True
2025-06-27,23.0,17.9,7.4,13.5,New York,20.4,5.1,2025,6,June,True
2025-06-28,30.6,18.2,0.7,14.2,New York,24.4,12.4,2025,6,June,True
2025-06-29,33.1,23.3,0.0,12.5,New York,28.2,9.8,2025,6,June,False
2025-06-30,35.0,22.7,0.7,16.5,New York,28.8,12.3,2025,6,June,True
2025-07-01,32.8,24.0,8.2,17.7,New York,28.4,8.8,2025,7,July,True
2025-07-02,29.7,22.8,2.7,7.5,New York,26.2,6.9,2025,7,July,True
2025-07-03,31.5,21.5,0.2,18.0,New York,26.5,10.0,2025,7,July,True
2025-07-04,28.3,18.4,0.0,11.6,New York,23.4,9.9,2025,7,July,False
2025-07-05,32.4,19.2,0.0,15.0,New York,25.8,13.2,2025,7,July,False
2025-07-06,34.5,21.7,0.0,13.3,New York,28.1,12.8,2025,7,July,False
2025-07-07,31.7,24.2,4.1,16.3,New York,28.0,7.5,2025,7,July,True
2025-07-08,37.0,23.7,15.6,14.6,New York,30.4,13.3,2025,7,July,True
2025-07-09,32.4,23.0,1.6,9.5,New York,27.7,9.4,2025,7,July,True
2025-07-10,27.2,22.7,18.6,6.6,New York,25.0,4.5,2025,7,July,True
2025-07-11,29.1,21.6,0.2,12.1,New York,25.4,7.5,2025,7,July,True
2025-07-12,30.7,22.7,0.2,13.2,New York,26.7,8.0,2025,7,July,True
2025-07-13,29.8,22.6,0.2,14.5,New York,26.2,7.2,2025,7,July,True
2025-07-14,31.5,23.2,17.5,13.7,New York,27.4,8.3,2025,7,July,True
2025-07-15,28.9,22.9,2.7,8.7,New York,25.9,6.0,2025,7,July,True
2025-07-16,30.7,23.2,2.2,11.6,New York,27.0,7.5,2025,7,July,True
2025-07-17,33.5,23.8,1.9,18.6,New York,28.6,9.7,2025,7,July,True
2025-07-18,29.8,22.4,0.0,15.0,New York,26.1,7.4,2025,7,July,False
2025-07-19,28.3,21.1,0.0,14.0,New York,24.7,7.2,2025,7,July,False
2025-07-20,34.1,22.3,4.1,15.3,New York,28.2,11.8,2025,7,July,True
2025-07-21,31.8,21.5,0.0,19.2,New York,26.6,10.3,2025,7,July,False
2025-07-22,28.1,19.7,0.0,14.0,New York,23.9,8.4,2025,7,July,False
2025-07-23,28.9,19.7,0.0,13.2,New York,24.3,9.2,2025,7,July,False
2025-07-24,31.2,20.0,0.0,14.0,New York,25.6,11.2,2025,7,July,False
2025-07-25,37.8,24.6,5.4,22.7,New York,31.2,13.2,2025,7,July,True
2025-07-26,30.6,23.7,0.0,14.4,New York,27.2,6.9,2025,7,July,False
2025-07-27,30.8,22.4,9.8,13.8,New York,26.6,8.4,2025,7,July,True
2025-07-28,35.2,23.7,0.0,11.9,New York,29.4,11.5,2025,7,July,False
2025-07-29,39.5,24.9,0.0,9.6,New York,32.2,14.6,2025,7,July,False
2025-07-30,37.5,27.1,8.4,14.7,New York,32.3,10.4,2025,7,July,True
2025-07-31,31.8,19.9,7.8,15.7,New York,25.8,11.9,2025,7,July,True
2025-08-01,23.0,17.8,1.3,16.1,New York,20.4,5.2,2025,8,August,True
2025-08-02,25.7,17.2,0.0,10.1,New York,21.4,8.5,2025,8,August,False
2025-08-03,28.1,16.5,0.0,11.1,New York,22.3,11.6,2025,8,August,False
2025-08-04,33.2,17.1,0.0,14.6,New York,25.2,16.1,2025,8,August,False
2025-08-05,31.0,19.9,0.0,9.7,New York,25.4,11.1,2025,8,August,False
2025-08-06,28.5,20.9,0.8,13.0,New York,24.7,7.6,2025,8,August,True
2025-08-07,28.6,19.0,0.1,13.8,New York,23.8,9.6,2025,8,August,True
2025-08-08,28.2,17.0,0.0,12.8,New York,22.6,11.2,2025,8,August,False
2025-08-09,30.0,17.3,0.0,11.3,New York,23.6,12.7,2025,8,August,False
2025-08-10,33.3,18.4,0.0,13.0,New York,25.8,14.9,2025,8,August,False
2025-08-11,32.4,20.8,0.0,12.7,New York,26.6,11.6,2025,8,August,False
2025-08-12,33.4,21.2,0.0,14.1,New York,27.3,12.2,2025,8,August,False
2025-08-13,32.0,23.6,9.2,13.3,New York,27.8,8.4,2025,8,August,True
2025-08-14,31.3,22.7,1.0,6.5,New York,27.0,8.6,2025,8,August,True
2025-08-15,32.4,22.9,0.0,13.1,New York,27.6,9.5,2025,8,August,False
2025-08-16,30.6,22.5,4.9,10.5,New York,26.6,8.1,2025,8,August,True
2025-08-17,35.3,22.0,3.4,14.6,New York,28.6,13.3,2025,8,August,True
2025-08-18,25.0,18.6,0.2,16.8,New York,21.8,6.4,2025,8,August,True
2025-08-19,24.2,17.6,0.0,13.1,New York,20.9,6.6,2025,8,August,False
2025-08-20,22.7,16.0,2.6,15.1,New York,19.4,6.7,2025,8,August,True
2025-08-21,21.9,15.8,0.0,22.6,New York,18.8,6.1,2025,8,August,False
2025-08-22,26.9,15.0,0.0,13.3,New York,21.0,11.9,2025,8,August,False
2025-08-23,28.0,17.2,0.0,21.6,New York,22.6,10.8,2025,8,August,False
2025-08-24,26.3,17.6,0.2,18.6,New York,22.0,8.7,2025,8,August,True
2025-08-25,31.6,19.1,0.0,19.4,New York,25.4,12.5,2025,8,August,False
2025-08-26,27.6,17.7,0.0,16.6,New York,22.6,9.9,2025,8,August,False
2025-08-27,25.0,16.6,0.1,15.6,New York,20.8,8.4,2025,8,August,True
2025-08-28,27.1,15.2,0.0,14.1,New York,21.2,11.9,2025,8,August,False
2025-08-29,27.4,18.0,0.0,16.0,New York,22.7,9.4,2025,8,August,False
2025-08-30,25.8,14.3,0.0,14.0,New York,20.0,11.5,2025,8,August,False
2025-08-31,27.5,14.9,0.0,15.1,New York,21.2,12.6,2025,8,August,False
2025-09-01,26.7,16.6,0.0,16.8,New York,21.6,10.1,2025,9,September,False
2025-09-02,26.9,16.6,0.0,13.9,New York,21.8,10.3,2025,9,September,False
2025-09-03,26.4,15.5,0.0,13.8,New York,21.0,10.9,2025,9,September,False
2025-09-04,25.2,16.1,4.2,20.4,New York,20.6,9.1,2025,9,September,True
2025-09-05,28.5,18.1,5.1,15.7,New York,23.3,10.4,2025,9,September,True
2025-09-06,30.2,19.2,20.4,19.0,New York,24.7,11.0,2025,9,September,True
2025-09-07,20.8,16.8,17.8,9.4,New York,18.8,4.0,2025,9,September,True
2025-09-08,21.7,13.2,0.0,9.2,New York,17.4,8.5,2025,9,September,False
2025-09-09,22.3,13.3,0.0,12.8,New York,17.8,9.0,2025,9,September,False
2025-09-10,20.7,15.3,5.0,13.8,New York,18.0,5.4,2025,9,September,True
2025-09-11,26.9,15.4,0.0,13.6,New York,21.2,11.5,2025,9,September,False
2025-09-12,27.4,16.3,0.0,11.4,New York,21.8,11.1,2025,9,September,False
2025-09-13,26.5,16.2,0.7,12.7,New York,21.4,10.3,2025,9,September,True
2025-09-14,29.8,17.1,0.5,9.3,New York,23.5,12.7,2025,9,September,True
2025-09-15,28.6,17.9,0.0,12.1,New York,23.2,10.7,2025,9,September,False
2025-09-16,24.5,17.5,0.0,17.0,New York,21.0,7.0,2025,9,September,False
2025-09-17,21.1,17.2,6.8,14.4,New York,19.2,3.9,2025,9,September,True
2025-09-18,27.4,18.2,0.1,7.7,New York,22.8,9.2,2025,9,September,True
2025-09-19,28.1,18.1,0.0,11.1,New York,23.1,10.0,2025,9,September,False
2025-09-20,23.8,14.5,0.0,12.3,New York,19.2,9.3,2025,9,September,False
2025-09-21,22.1,13.8,0.0,11.2,New York,18.0,8.3,2025,9,September,False
2025-09-22,22.7,12.0,0.0,11.2,New York,17.4,10.7,2025,9,September,False
2025-09-23,29.5,16.7,6.6,14.9,New York,23.1,12.8,2025,9,September,True
2025-09-24,26.6,18.4,3.0,16.9,New York,22.5,8.2,2025,9,September,True
2025-09-25,24.9,19.9,48.6,15.7,New York,22.4,5.0,2025,9,September,True
2025-09-26,26.6,18.7,0.0,8.7,New York,22.6,7.9,2025,9,September,False
2025-09-27,24.4,16.9,0.1,6.1,New York,20.6,7.5,2025,9,September,True
2025-09-28,28.0,17.7,0.6,6.5,New York,22.8,10.3,2025,9,September,True
2025-09-29,24.1,17.3,0.0,10.7,New York,20.7,6.8,2025,9,September,False
2025-09-30,25.4,17.0,0.0,14.1,New York,21.2,8.4,2025,9,September,False
2025-10-01,20.3,12.1,0.0,14.4,New York,16.2,8.2,2025,10,October,False
2025-10-02,19.1,9.6,0.0,8.7,New York,14.4,9.5,2025,10,October,False
2025-10-03,22.2,9.0,0.0,8.9,New York,15.6,13.2,2025,10,October,False
2025-10-04,27.8,11.8,0.0,9.4,New York,19.8,16.0,2025,10,October,False
2025-10-05,29.8,14.4,0.0,9.6,New York,22.1,15.4,2025,10,October,False
2025-10-06,26.8,14.6,0.0,12.8,New York,20.7,12.2,2025,10,October,False
2025-10-07,27.4,17.1,0.0,19.2,New York,22.2,10.3,2025,10,October,False
2025-10-08,21.8,14.5,5.4,17.4,New York,18.2,7.3,2025,10,October,True
2025-10-09,15.1,8.5,0.0,14.9,New York,11.8,6.6,2025,10,October,False
2025-10-10,16.2,4.9,0.0,11.4,New York,10.6,11.3,2025,10,October,False
2025-10-11,19.0,9.7,1.4,12.9,New York,14.4,9.3,2025,10,October,True
2025-10-12,16.5,13.1,13.9,24.6,New York,14.8,3.4,2025,10,October,True
2025-10-13,14.9,12.3,33.2,28.6,New York,13.6,2.6,2025,10,October,True
2025-10-14,16.2,12.2,0.1,19.0,New York,14.2,4.0,2025,10,October,True
2025-10-15,19.9,11.6,0.0,13.4,New York,15.8,8.3,2025,10,October,False
2025-10-16,15.3,7.2,0.0,17.5,New York,11.2,8.1,2025,10,October,False
2025-10-17,17.0,7.2,0.0,15.0,New York,12.1,9.8,2025,10,October,False
2025-10-18,17.9,6.5,0.0,7.6,New York,12.2,11.4,2025,10,October,False
2025-10-19,20.8,9.9,0.0,20.4,New York,15.4,10.9,2025,10,October,False
2025-10-20,20.1,12.3,10.2,23.9,New York,16.2,7.8,2025,10,October,True
2025-10-21,19.3,8.0,0.1,12.7,New York,13.6,11.3,2025,10,October,True
2025-10-22,16.7,11.4,1.5,21.1,New York,14.0,5.3,2025,10,October,True
2025-10-23,15.1,8.6,0.1,18.1,New York,11.8,6.5,2025,10,October,True
2025-10-24,14.9,5.9,0.0,11.9,New York,10.4,9.0,2025,10,October,False
2025-10-25,14.4,5.8,0.0,9.2,New York,10.1,8.6,2025,10,October,False
2025-10-26,14.4,6.9,0.1,7.2,New York,10.6,7.5,2025,10,October,True
2025-10-27,13.0,3.5,0.0,11.7,New York,8.2,9.5,2025,10,October,False
2025-10-28,12.4,4.3,0.0,21.7,New York,8.4,8.1,2025,10,October,False
2025-10-29,13.6,7.1,0.1,16.7,New York,10.4,6.5,2025,10,October,True
2025-10-30,16.5,10.9,44.4,26.5,New York,13.7,5.6,2025,10,October,True
2025-10-31,14.8,10.1,0.0,27.4,New York,12.4,4.7,2025,10,October,False
2025-11-01,14.5,7.6,0.0,22.0,New York,11.0,6.9,2025,11,November,False
2025-11-02,15.0,4.0,0.0,9.3,New York,9.5,11.0,2025,11,November,False
2025-11-03,14.0,6.3,0.1,16.3,New York,10.2,7.7,2025,11,November,True
2025-11-04,14.9,8.1,0.0,23.1,New York,11.5,6.8,2025,11,November,False
2025-11-05,18.3,4.0,0.0,20.6,New York,11.2,14.3,2025,11,November,False
2025-11-06,13.7,5.4,1.6,23.4,New York,9.6,8.3,2025,11,November,True
2025-11-07,15.4,1.8,0.0,18.2,New York,8.6,13.6,2025,11,November,False
2025-11-08,18.5,11.9,4.8,15.2,New York,15.2,6.6,2025,11,November,True
2025-11-09,16.4,8.5,0.2,16.5,New York,12.4,7.9,2025,11,November,True
2025-11-10,13.9,2.2,11.9,17.3,New York,8.0,11.7,2025,11,November,True
2025-11-11,4.4,0.8,0.5,28.2,New York,2.6,3.6,2025,11,November,True
2025-11-12,9.3,2.2,0.0,15.6,New York,5.8,7.1,2025,11,November,False
2025-11-13,10.5,5.0,1.8,21.1,New York,7.8,5.5,2025,11,November,True
2025-11-14,10.1,2.9,0.0,16.5,New York,6.5,7.2,2025,11,November,False
2025-11-15,8.8,1.3,0.8,13.0,New York,5.1,7.5,2025,11,November,True
2025-11-16,13.0,4.7,0.2,25.8,New York,8.8,8.3,2025,11,November,True
2025-11-17,6.2,1.4,0.0,25.5,New York,3.8,4.8,2025,11,November,False
2025-11-18,7.9,0.9,0.0,16.1,New York,4.4,7.0,2025,11,November,False
2025-11-19,8.3,2.1,4.6,8.7,New York,5.2,6.2,2025,11,November,True
2025-11-20,7.9,0.0,0.0,6.6,New York,4.0,7.9,2025,11,November,False
2025-11-21,11.0,2.5,0.0,14.4,New York,6.8,8.5,2025,11,November,False
2025-11-22,11.0,4.3,5.1,14.2,New York,7.6,6.7,2025,11,November,True
2025-11-23,7.7,-0.9,0.0,12.2,New York,3.4,8.6,2025,11,November,False
2025-11-24,11.4,4.2,0.0,13.5,New York,7.8,7.2,2025,11,November,False
2025-11-25,12.7,2.9,10.2,18.0,New York,7.8,9.8,2025,11,November,True
2025-11-26,15.4,10.9,4.6,17.6,New York,13.2,4.5,2025,11,November,True
2025-11-27,10.4,2.5,0.0,20.0,New York,6.4,7.9,2025,11,November,False
2025-11-28,5.7,0.1,0.0,25.9,New York,2.9,5.6,2025,11,November,False
2025-11-29,5.8,-0.3,0.0,16.0,New York,2.8,6.1,2025,11,November,False
2025-11-30,4.9,-0.4,3.3,12.5,New York,2.2,5.3,2025,11,November,True
2025-12-01,6.1,-0.4,0.0,17.8,New York,2.8,6.5,2025,12,December,False
2025-12-02,3.0,-1.6,17.2,17.2,New York,0.7,4.6,2025,12,December,True
2025-12-03,4.3,-1.3,0.0,17.7,New York,1.5,5.6,2025,12,December,False
2025-12-04,5.5,-3.4,0.1,20.4,New York,1.0,8.9,2025,12,December,True
2025-12-05,-0.8,-6.7,0.0,14.5,New York,-3.8,5.9,2025,12,December,False
2025-12-06,4.4,-1.8,0.4,9.7,New York,1.3,6.2,2025,12,December,True
2025-12-07,5.1,-1.7,0.0,11.8,New York,1.7,6.8,2025,12,December,False
2025-12-08,1.8,-4.5,0.0,18.6,New York,-1.4,6.3,2025,12,December,False
2025-12-09,-0.4,-7.5,0.0,15.8,New York,-4.0,7.1,2025,12,December,False
2025-12-10,6.5,-0.7,3.1,18.3,New York,2.9,7.2,2025,12,December,True
2025-12-11,4.0,-2.3,0.0,24.1,New York,0.8,6.3,2025,12,December,False
2025-12-12,1.6,-4.9,0.0,16.1,New York,-1.6,6.5,2025,12,December,False
2025-12-13,3.8,-4.5,0.8,8.0,New York,-0.4,8.3,2025,12,December,True
2025-12-14,0.5,-7.9,11.7,19.0,New York,-3.7,8.4,2025,12,December,True
2025-12-15,-2.9,-8.6,0.0,18.1,New York,-5.8,5.7,2025,12,December,False
2025-12-16,-2.4,-9.3,0.0,11.7,New York,-5.9,6.9,2025,12,December,False
2025-12-17,4.3,-6.5,0.0,14.5,New York,-1.1,10.8,2025,12,December,False
2025-12-18,5.9,-4.6,0.0,12.2,New York,0.7,10.5,2025,12,December,False
2025-12-19,14.5,-0.4,26.2,30.6,New York,7.0,14.9,2025,12,December,True
2025-12-20,2.5,-2.1,0.0,18.9,New York,0.2,4.6,2025,12,December,False
2025-12-21,7.9,-1.8,0.0,22.8,New York,3.1,9.7,2025,12,December,False
2025-12-22,3.1,-3.0,0.0,14.1,New York,0.1,6.1,2025,12,December,False
2025-12-23,3.1,0.2,2.9,10.8,New York,1.6,2.9,2025,12,December,True
2025-12-24,7.4,-1.0,0.0,24.6,New York,3.2,8.4,2025,12,December,False
2025-12-25,8.4,-1.7,0.0,21.2,New York,3.4,10.1,2025,12,December,False
2025-12-26,-2.7,-5.8,7.4,12.0,New York,-4.2,3.1,2025,12,December,True
2025-12-27,-1.0,-7.3,5.3,16.3,New York,-4.2,6.3,2025,12,December,True
2025-12-28,1.1,-11.6,0.9,9.4,New York,-5.2,12.7,2025,12,December,True
2025-12-29,7.4,-1.4,3.9,23.8,New York,3.0,8.8,2025,12,December,True
2025-12-30,-0.3,-3.0,0.0,25.5,New York,-1.6,2.7,2025,12,December,False
2025-12-31,-0.3,-3.7,0.0,16.5,New York,-2.0,3.4,2025,12,December,False
2025-01-01,16.9,7.8,0.0,8.8,Tel Aviv,12.4,9.1,2025,1,January,False
2025-01-02,18.1,8.3,0.0,12.8,Tel Aviv,13.2,9.8,2025,1,January,False
2025-01-03,17.0,6.1,0.0,9.3,Tel Aviv,11.6,10.9,2025,1,January,False
2025-01-04,18.7,6.9,0.0,7.2,Tel Aviv,12.8,11.8,2025,1,January,False
2025-01-05,20.6,9.6,0.0,15.6,Tel Aviv,15.1,11.0,2025,1,January,False
2025-01-06,18.7,12.2,0.0,13.1,Tel Aviv,15.4,6.5,2025,1,January,False
2025-01-07,18.5,9.4,0.0,10.4,Tel Aviv,14.0,9.1,2025,1,January,False
2025-01-08,20.9,8.9,0.0,7.5,Tel Aviv,14.9,12.0,2025,1,January,False
2025-01-09,20.6,11.7,0.0,9.3,Tel Aviv,16.2,8.9,2025,1,January,False
2025-01-10,19.1,12.1,10.6,15.3,Tel Aviv,15.6,7.0,2025,1,January,True
2025-01-11,18.0,11.1,1.4,18.8,Tel Aviv,14.6,6.9,2025,1,January,True
2025-01-12,18.4,12.9,0.6,13.0,Tel Aviv,15.6,5.5,2025,1,January,True
2025-01-13,20.7,10.0,0.0,7.9,Tel Aviv,15.4,10.7,2025,1,January,False
2025-01-14,21.8,9.3,0.0,7.9,Tel Aviv,15.6,12.5,2025,1,January,False
2025-01-15,19.8,9.8,0.0,10.6,Tel Aviv,14.8,10.0,2025,1,January,False
2025-01-16,19.9,12.6,0.0,11.0,Tel Aviv,16.2,7.3,2025,1,January,False
2025-01-17,19.4,11.6,0.0,13.6,Tel Aviv,15.5,7.8,2025,1,January,False
2025-01-18,18.9,9.1,0.0,16.0,Tel Aviv,14.0,9.8,2025,1,January,False
2025-01-19,18.3,10.6,0.0,12.8,Tel Aviv,14.4,7.7,2025,1,January,False
2025-01-20,18.3,11.1,0.0,10.3,Tel Aviv,14.7,7.2,2025,1,January,False
2025-01-21,20.8,9.9,0.0,11.9,Tel Aviv,15.4,10.9,2025,1,January,False
2025-01-22,18.8,12.0,1.1,13.0,Tel Aviv,15.4,6.8,2025,1,January,True
2025-01-23,17.5,12.2,2.9,13.1,Tel Aviv,14.8,5.3,2025,1,January,True
2025-01-24,17.4,11.5,0.5,12.0,Tel Aviv,14.4,5.9,2025,1,January,True
2025-01-25,18.7,11.8,0.3,9.9,Tel Aviv,15.2,6.9,2025,1,January,True
2025-01-26,17.3,10.4,0.5,14.2,Tel Aviv,13.8,6.9,2025,1,January,True
2025-01-27,19.7,10.2,0.0,10.0,Tel Aviv,15.0,9.5,2025,1,January,False
2025-01-28,21.7,11.1,0.0,15.7,Tel Aviv,16.4,10.6,2025,1,January,False
2025-01-29,23.1,13.1,0.0,17.9,Tel Aviv,18.1,10.0,2025,1,January,False
2025-01-30,21.7,10.8,0.0,10.2,Tel Aviv,16.2,10.9,2025,1,January,False
2025-01-31,19.3,10.8,0.7,16.5,Tel Aviv,15.0,8.5,2025,1,January,True
2025-02-01,19.5,11.8,0.3,11.5,Tel Aviv,15.6,7.7,2025,2,February,True
2025-02-02,20.1,10.1,0.0,15.1,Tel Aviv,15.1,10.0,2025,2,February,False
2025-02-03,19.3,10.0,0.0,9.4,Tel Aviv,14.6,9.3,2025,2,February,False
2025-02-04,19.0,9.3,0.0,13.0,Tel Aviv,14.2,9.7,2025,2,February,False
2025-02-05,18.1,13.6,6.9,32.9,Tel Aviv,15.8,4.5,2025,2,February,True
2025-02-06,14.3,11.6,9.0,34.9,Tel Aviv,13.0,2.7,2025,2,February,True
2025-02-07,14.5,12.6,0.0,19.9,Tel Aviv,13.6,1.9,2025,2,February,False
2025-02-08,15.2,11.7,0.0,16.5,Tel Aviv,13.4,3.5,2025,2,February,False
2025-02-09,13.5,10.6,5.5,16.7,Tel Aviv,12.0,2.9,2025,2,February,True
2025-02-10,14.8,9.9,6.9,19.4,Tel Aviv,12.4,4.9,2025,2,February,True
2025-02-11,16.0,10.1,0.5,12.9,Tel Aviv,13.0,5.9,2025,2,February,True
2025-02-12,13.9,9.5,5.5,15.6,Tel Aviv,11.7,4.4,2025,2,February,True
2025-02-13,16.7,10.2,0.5,21.2,Tel Aviv,13.4,6.5,2025,2,February,True
2025-02-14,16.0,8.8,0.0,11.8,Tel Aviv,12.4,7.2,2025,2,February,False
2025-02-15,21.5,8.6,0.0,13.8,Tel Aviv,15.0,12.9,2025,2,February,False
2025-02-16,18.5,11.8,0.3,17.8,Tel Aviv,15.2,6.7,2025,2,February,True
2025-02-17,18.3,10.6,0.3,10.6,Tel Aviv,14.4,7.7,2025,2,February,True
2025-02-18,21.0,9.1,0.0,8.7,Tel Aviv,15.0,11.9,2025,2,February,False
2025-02-19,18.2,10.3,1.8,12.2,Tel Aviv,14.2,7.9,2025,2,February,True
2025-02-20,17.6,12.5,1.4,25.8,Tel Aviv,15.0,5.1,2025,2,February,True
2025-02-21,15.2,10.1,0.4,22.4,Tel Aviv,12.6,5.1,2025,2,February,True
2025-02-22,13.8,9.0,0.2,16.3,Tel Aviv,11.4,4.8,2025,2,February,True
2025-02-23,12.0,7.6,0.6,18.8,Tel Aviv,9.8,4.4,2025,2,February,True
2025-02-24,11.0,5.6,1.2,17.5,Tel Aviv,8.3,5.4,2025,2,February,True
2025-02-25,13.6,2.0,0.0,14.7,Tel Aviv,7.8,11.6,2025,2,February,False
2025-02-26,16.2,5.4,0.0,18.5,Tel Aviv,10.8,10.8,2025,2,February,False
2025-02-27,18.9,7.7,0.0,18.4,Tel Aviv,13.3,11.2,2025,2,February,False
2025-02-28,18.1,7.0,0.0,13.9,Tel Aviv,12.6,11.1,2025,2,February,False
2025-03-01,17.3,9.9,2.3,12.5,Tel Aviv,13.6,7.4,2025,3,March,True
2025-03-02,19.3,9.0,0.0,15.2,Tel Aviv,14.2,10.3,2025,3,March,False
2025-03-03,19.1,8.5,0.0,12.0,Tel Aviv,13.8,10.6,2025,3,March,False
2025-03-04,19.9,10.3,0.0,13.9,Tel Aviv,15.1,9.6,2025,3,March,False
2025-03-05,20.4,12.1,0.8,15.9,Tel Aviv,16.2,8.3,2025,3,March,True
2025-03-06,23.7,13.0,0.0,16.4,Tel Aviv,18.4,10.7,2025,3,March,False
2025-03-07,18.7,13.2,6.8,17.2,Tel Aviv,16.0,5.5,2025,3,March,True
2025-03-08,19.8,11.8,0.0,17.5,Tel Aviv,15.8,8.0,2025,3,March,False
2025-03-09,19.2,11.7,0.4,11.6,Tel Aviv,15.4,7.5,2025,3,March,True
2025-03-10,20.1,12.2,0.1,13.7,Tel Aviv,16.2,7.9,2025,3,March,True
2025-03-11,21.2,10.6,0.0,15.3,Tel Aviv,15.9,10.6,2025,3,March,False
2025-03-12,27.1,10.2,0.0,13.6,Tel Aviv,18.6,16.9,2025,3,March,False
2025-03-13,31.1,22.3,0.0,20.5,Tel Aviv,26.7,8.8,2025,3,March,False
2025-03-14,25.7,17.2,0.0,11.9,Tel Aviv,21.4,8.5,2025,3,March,False
2025-03-15,24.9,12.2,0.0,15.4,Tel Aviv,18.5,12.7,2025,3,March,False
2025-03-16,27.7,13.9,0.0,10.0,Tel Aviv,20.8,13.8,2025,3,March,False
2025-03-17,27.8,14.6,0.0,13.0,Tel Aviv,21.2,13.2,2025,3,March,False
2025-03-18,25.0,16.5,0.0,16.2,Tel Aviv,20.8,8.5,2025,3,March,False
2025-03-19,20.8,16.1,3.9,23.9,Tel Aviv,18.5,4.7,2025,3,March,True
2025-03-20,16.8,12.0,5.5,33.5,Tel Aviv,14.4,4.8,2025,3,March,True
2025-03-21,15.7,11.4,1.0,21.8,Tel Aviv,13.6,4.3,2025,3,March,True
2025-03-22,16.9,9.8,1.0,11.4,Tel Aviv,13.4,7.1,2025,3,March,True
2025-03-23,18.6,9.0,0.0,16.4,Tel Aviv,13.8,9.6,2025,3,March,False
2025-03-24,21.4,10.0,0.0,16.0,Tel Aviv,15.7,11.4,2025,3,March,False
2025-03-25,23.8,12.4,0.0,16.8,Tel Aviv,18.1,11.4,2025,3,March,False
2025-03-26,26.6,11.9,0.0,14.7,Tel Aviv,19.2,14.7,2025,3,March,False
2025-03-27,30.6,18.2,0.0,11.1,Tel Aviv,24.4,12.4,2025,3,March,False
2025-03-28,32.6,19.2,0.0,15.7,Tel Aviv,25.9,13.4,2025,3,March,False
2025-03-29,20.7,17.2,0.3,14.0,Tel Aviv,19.0,3.5,2025,3,March,True
2025-03-30,20.6,13.8,0.1,14.1,Tel Aviv,17.2,6.8,2025,3,March,True
2025-03-31,27.9,12.0,0.0,10.1,Tel Aviv,20.0,15.9,2025,3,March,False
2025-04-01,31.1,20.1,0.1,18.6,Tel Aviv,25.6,11.0,2025,4,April,True
2025-04-02,23.5,17.0,0.0,13.1,Tel Aviv,20.2,6.5,2025,4,April,False
2025-04-03,23.8,13.7,0.0,15.8,Tel Aviv,18.8,10.1,2025,4,April,False
2025-04-04,20.8,13.6,0.0,15.0,Tel Aviv,17.2,7.2,2025,4,April,False
2025-04-05,21.2,14.4,1.0,15.6,Tel Aviv,17.8,6.8,2025,4,April,True
2025-04-06,30.0,14.0,0.0,11.0,Tel Aviv,22.0,16.0,2025,4,April,False
2025-04-07,23.7,17.4,0.0,18.7,Tel Aviv,20.5,6.3,2025,4,April,False
2025-04-08,35.1,16.6,0.0,12.6,Tel Aviv,25.8,18.5,2025,4,April,False
2025-04-09,23.7,17.4,0.6,16.3,Tel Aviv,20.5,6.3,2025,4,April,True
2025-04-10,19.0,16.2,0.0,22.0,Tel Aviv,17.6,2.8,2025,4,April,False
2025-04-11,18.3,14.4,2.1,20.4,Tel Aviv,16.4,3.9,2025,4,April,True
2025-04-12,19.4,14.2,1.1,22.1,Tel Aviv,16.8,5.2,2025,4,April,True
2025-04-13,20.1,12.5,0.1,14.4,Tel Aviv,16.3,7.6,2025,4,April,True
2025-04-14,19.1,11.6,2.1,22.4,Tel Aviv,15.4,7.5,2025,4,April,True
2025-04-15,20.6,15.4,0.1,23.2,Tel Aviv,18.0,5.2,2025,4,April,True
2025-04-16,21.6,10.7,0.0,18.6,Tel Aviv,16.2,10.9,2025,4,April,False
2025-04-17,28.1,13.4,0.0,22.0,Tel Aviv,20.8,14.7,2025,4,April,False
2025-04-18,27.3,16.4,0.0,20.0,Tel Aviv,21.8,10.9,2025,4,April,False
2025-04-19,24.9,16.4,0.0,13.5,Tel Aviv,20.6,8.5,2025,4,April,False
2025-04-20,23.0,14.6,0.0,13.1,Tel Aviv,18.8,8.4,2025,4,April,False
2025-04-21,23.4,14.6,0.0,13.2,Tel Aviv,19.0,8.8,2025,4,April,False
2025-04-22,32.7,17.5,0.0,19.8,Tel Aviv,25.1,15.2,2025,4,April,False
2025-04-23,36.2,19.9,0.0,25.8,Tel Aviv,28.0,16.3,2025,4,April,False
2025-04-24,22.9,18.6,0.0,15.6,Tel Aviv,20.8,4.3,2025,4,April,False
2025-04-25,22.6,17.5,0.1,14.8,Tel Aviv,20.0,5.1,2025,4,April,True
2025-04-26,21.9,15.9,0.1,14.9,Tel Aviv,18.9,6.0,2025,4,April,True
2025-04-27,22.8,14.6,0.0,19.3,Tel Aviv,18.7,8.2,2025,4,April,False
2025-04-28,22.6,16.3,0.0,16.5,Tel Aviv,19.5,6.3,2025,4,April,False
2025-04-29,22.5,16.4,0.3,13.0,Tel Aviv,19.4,6.1,2025,4,April,True
2025-04-30,38.7,15.4,0.3,31.3,Tel Aviv,27.0,23.3,2025,4,April,True
2025-05-01,23.2,18.3,0.1,14.3,Tel Aviv,20.8,4.9,2025,5,May,True
2025-05-02,24.4,16.2,0.0,14.9,Tel Aviv,20.3,8.2,2025,5,May,False
2025-05-03,23.5,15.4,0.0,17.2,Tel Aviv,19.4,8.1,2025,5,May,False
2025-05-04,21.9,16.6,4.5,15.8,Tel Aviv,19.2,5.3,2025,5,May,True
2025-05-05,22.4,16.1,1.6,15.6,Tel Aviv,19.2,6.3,2025,5,May,True
2025-05-06,25.1,14.9,0.0,15.3,Tel Aviv,20.0,10.2,2025,5,May,False
2025-05-07,25.4,14.3,0.0,18.6,Tel Aviv,19.8,11.1,2025,5,May,False
2025-05-08,26.2,15.0,0.0,18.5,Tel Aviv,20.6,11.2,2025,5,May,False
2025-05-09,28.3,16.7,0.0,17.9,Tel Aviv,22.5,11.6,2025,5,May,False
2025-05-10,27.2,18.1,0.0,14.9,Tel Aviv,22.6,9.1,2025,5,May,False
2025-05-11,28.8,18.1,0.0,15.6,Tel Aviv,23.5,10.7,2025,5,May,False
2025-05-12,28.8,20.6,0.0,24.7,Tel Aviv,24.7,8.2,2025,5,May,False
2025-05-13,29.4,18.2,0.0,13.7,Tel Aviv,23.8,11.2,2025,5,May,False
2025-05-14,24.2,19.8,0.2,18.3,Tel Aviv,22.0,4.4,2025,5,May,True
2025-05-15,24.0,18.6,0.0,16.7,Tel Aviv,21.3,5.4,2025,5,May,False
2025-05-16,27.1,15.6,0.0,16.7,Tel Aviv,21.4,11.5,2025,5,May,False
2025-05-17,36.9,18.5,0.0,20.7,Tel Aviv,27.7,18.4,2025,5,May,False
2025-05-18,27.6,20.9,0.0,18.2,Tel Aviv,24.2,6.7,2025,5,May,False
2025-05-19,24.4,19.3,0.0,14.3,Tel Aviv,21.8,5.1,2025,5,May,False
2025-05-20,23.8,17.2,0.0,15.7,Tel Aviv,20.5,6.6,2025,5,May,False
2025-05-21,24.2,16.9,0.0,15.7,Tel Aviv,20.5,7.3,2025,5,May,False
2025-05-22,25.3,18.7,0.1,14.2,Tel Aviv,22.0,6.6,2025,5,May,True
2025-05-23,26.2,19.7,0.0,16.9,Tel Aviv,23.0,6.5,2025,5,May,False
2025-05-24,26.7,20.1,0.0,14.7,Tel Aviv,23.4,6.6,2025,5,May,False
2025-05-25,28.0,18.5,0.0,13.7,Tel Aviv,23.2,9.5,2025,5,May,False
2025-05-26,32.9,18.9,0.0,17.6,Tel Aviv,25.9,14.0,2025,5,May,False
2025-05-27,25.2,21.2,0.2,18.0,Tel Aviv,23.2,4.0,2025,5,May,True
2025-05-28,24.8,20.8,0.0,17.7,Tel Aviv,22.8,4.0,2025,5,May,False
2025-05-29,25.6,20.4,0.0,15.7,Tel Aviv,23.0,5.2,2025,5,May,False
2025-05-30,26.3,19.1,0.0,12.3,Tel Aviv,22.7,7.2,2025,5,May,False
2025-05-31,28.3,17.6,0.0,18.3,Tel Aviv,23.0,10.7,2025,5,May,False
2025-06-01,26.7,20.5,0.0,17.5,Tel Aviv,23.6,6.2,2025,6,June,False
2025-06-02,24.9,19.7,0.0,15.2,Tel Aviv,22.3,5.2,2025,6,June,False
2025-06-03,25.6,21.0,0.1,13.9,Tel Aviv,23.3,4.6,2025,6,June,True
2025-06-04,26.3,20.2,0.0,14.4,Tel Aviv,23.2,6.1,2025,6,June,False
2025-06-05,28.4,20.0,0.0,17.7,Tel Aviv,24.2,8.4,2025,6,June,False
2025-06-06,28.1,18.9,0.0,15.4,Tel Aviv,23.5,9.2,2025,6,June,False
2025-06-07,27.1,20.3,0.0,14.4,Tel Aviv,23.7,6.8,2025,6,June,False
2025-06-08,26.8,20.0,0.0,15.5,Tel Aviv,23.4,6.8,2025,6,June,False
2025-06-09,27.1,21.9,0.0,14.4,Tel Aviv,24.5,5.2,2025,6,June,False
2025-06-10,27.4,21.2,0.0,14.5,Tel Aviv,24.3,6.2,2025,6,June,False
2025-06-11,27.7,22.1,0.0,14.7,Tel Aviv,24.9,5.6,2025,6,June,False
2025-06-12,28.2,21.1,0.0,13.9,Tel Aviv,24.6,7.1,2025,6,June,False
2025-06-13,28.0,20.5,0.0,13.7,Tel Aviv,24.2,7.5,2025,6,June,False
2025-06-14,28.2,21.9,0.0,14.3,Tel Aviv,25.0,6.3,2025,6,June,False
2025-06-15,27.3,22.6,0.2,16.1,Tel Aviv,25.0,4.7,2025,6,June,True
2025-06-16,27.4,22.3,0.6,16.9,Tel Aviv,24.8,5.1,2025,6,June,True
2025-06-17,27.9,20.7,0.0,17.7,Tel Aviv,24.3,7.2,2025,6,June,False
2025-06-18,29.6,22.3,0.0,18.4,Tel Aviv,26.0,7.3,2025,6,June,False
2025-06-19,29.1,21.2,0.0,15.8,Tel Aviv,25.2,7.9,2025,6,June,False
2025-06-20,28.2,21.2,0.0,15.4,Tel Aviv,24.7,7.0,2025,6,June,False
2025-06-21,28.4,21.4,0.0,15.9,Tel Aviv,24.9,7.0,2025,6,June,False
2025-06-22,28.3,21.8,0.0,17.4,Tel Aviv,25.0,6.5,2025,6,June,False
2025-06-23,28.8,24.1,0.1,15.7,Tel Aviv,26.4,4.7,2025,6,June,True
2025-06-24,29.2,23.5,0.0,16.7,Tel Aviv,26.4,5.7,2025,6,June,False
2025-06-25,28.8,23.3,0.0,15.5,Tel Aviv,26.0,5.5,2025,6,June,False
2025-06-26,28.6,21.7,0.0,14.8,Tel Aviv,25.2,6.9,2025,6,June,False
2025-06-27,29.7,19.8,0.0,13.8,Tel Aviv,24.8,9.9,2025,6,June,False
2025-06-28,30.7,20.5,0.0,14.3,Tel Aviv,25.6,10.2,2025,6,June,False
2025-06-29,30.7,22.9,0.0,15.4,Tel Aviv,26.8,7.8,2025,6,June,False
2025-06-30,29.9,23.8,0.1,14.7,Tel Aviv,26.8,6.1,2025,6,June,True
2025-07-01,32.0,22.8,0.0,14.7,Tel Aviv,27.4,9.2,2025,7,July,False
2025-07-02,30.1,24.1,0.0,15.1,Tel Aviv,27.1,6.0,2025,7,July,False
2025-07-03,29.4,23.8,0.0,15.0,Tel Aviv,26.6,5.6,2025,7,July,False
2025-07-04,30.3,23.6,0.0,15.7,Tel Aviv,27.0,6.7,2025,7,July,False
2025-07-05,30.6,23.0,0.0,16.7,Tel Aviv,26.8,7.6,2025,7,July,False
2025-07-06,30.5,23.4,0.0,15.8,Tel Aviv,27.0,7.1,2025,7,July,False
2025-07-07,30.1,24.0,0.0,14.8,Tel Aviv,27.0,6.1,2025,7,July,False
2025-07-08,30.2,24.7,0.1,15.3,Tel Aviv,27.4,5.5,2025,7,July,True
2025-07-09,29.4,23.4,0.0,15.7,Tel Aviv,26.4,6.0,2025,7,July,False
2025-07-10,30.0,23.1,0.0,15.5,Tel Aviv,26.6,6.9,2025,7,July,False
2025-07-11,30.5,24.1,0.0,15.1,Tel Aviv,27.3,6.4,2025,7,July,False
2025-07-12,30.6,23.8,0.0,14.8,Tel Aviv,27.2,6.8,2025,7,July,False
2025-07-13,29.9,24.0,0.0,15.7,Tel Aviv,27.0,5.9,2025,7,July,False
2025-07-14,29.3,23.9,0.0,15.1,Tel Aviv,26.6,5.4,2025,7,July,False
2025-07-15,30.2,23.9,0.0,17.3,Tel Aviv,27.0,6.3,2025,7,July,False
2025-07-16,31.9,23.3,0.0,14.2,Tel Aviv,27.6,8.6,2025,7,July,False
2025-07-17,33.7,22.0,0.0,14.8,Tel Aviv,27.8,11.7,2025,7,July,False
2025-07-18,31.8,23.7,0.0,13.8,Tel Aviv,27.8,8.1,2025,7,July,False
2025-07-19,30.1,24.7,0.2,14.8,Tel Aviv,27.4,5.4,2025,7,July,True
2025-07-20,30.6,24.9,0.2,16.2,Tel Aviv,27.8,5.7,2025,7,July,True
2025-07-21,30.5,25.1,0.0,15.3,Tel Aviv,27.8,5.4,2025,7,July,False
2025-07-22,31.0,24.4,0.0,14.5,Tel Aviv,27.7,6.6,2025,7,July,False
2025-07-23,32.0,24.8,0.0,15.1,Tel Aviv,28.4,7.2,2025,7,July,False
2025-07-24,32.3,24.9,0.0,15.6,Tel Aviv,28.6,7.4,2025,7,July,False
2025-07-25,31.0,25.6,0.0,17.4,Tel Aviv,28.3,5.4,2025,7,July,False
2025-07-26,31.9,25.4,0.0,16.9,Tel Aviv,28.6,6.5,2025,7,July,False
2025-07-27,33.0,25.4,0.0,13.6,Tel Aviv,29.2,7.6,2025,7,July,False
2025-07-28,31.5,25.6,0.0,15.0,Tel Aviv,28.6,5.9,2025,7,July,False
2025-07-29,31.3,26.5,0.3,16.4,Tel Aviv,28.9,4.8,2025,7,July,True
2025-07-30,30.5,26.4,0.3,14.9,Tel Aviv,28.4,4.1,2025,7,July,True
2025-07-31,30.7,26.0,0.0,16.7,Tel Aviv,28.4,4.7,2025,7,July,False
2025-08-01,31.1,26.4,0.0,16.2,Tel Aviv,28.8,4.7,2025,8,August,False
2025-08-02,31.2,25.2,0.0,14.9,Tel Aviv,28.2,6.0,2025,8,August,False
2025-08-03,30.7,25.2,0.0,15.2,Tel Aviv,28.0,5.5,2025,8,August,False
2025-08-04,30.4,24.3,0.0,15.4,Tel Aviv,27.4,6.1,2025,8,August,False
2025-08-05,30.8,24.2,0.0,14.5,Tel Aviv,27.5,6.6,2025,8,August,False
2025-08-06,30.8,25.1,0.0,15.9,Tel Aviv,28.0,5.7,2025,8,August,False
2025-08-07,30.8,25.3,0.0,16.3,Tel Aviv,28.0,5.5,2025,8,August,False
2025-08-08,31.8,25.7,0.0,19.0,Tel Aviv,28.8,6.1,2025,8,August,False
2025-08-09,31.9,26.8,0.1,15.7,Tel Aviv,29.4,5.1,2025,8,August,True
2025-08-10,32.7,25.9,0.0,15.3,Tel Aviv,29.3,6.8,2025,8,August,False
2025-08-11,33.7,26.6,0.0,16.7,Tel Aviv,30.2,7.1,2025,8,August,False
2025-08-12,34.0,26.8,0.0,19.0,Tel Aviv,30.4,7.2,2025,8,August,False
2025-08-13,35.3,27.8,0.0,14.2,Tel Aviv,31.6,7.5,2025,8,August,False
2025-08-14,34.3,26.3,0.0,13.3,Tel Aviv,30.3,8.0,2025,8,August,False
2025-08-15,34.9,26.1,0.0,12.7,Tel Aviv,30.5,8.8,2025,8,August,False
2025-08-16,31.7,26.1,0.0,14.1,Tel Aviv,28.9,5.6,2025,8,August,False
2025-08-17,31.3,26.9,0.0,15.7,Tel Aviv,29.1,4.4,2025,8,August,False
2025-08-18,31.1,26.8,0.0,15.9,Tel Aviv,29.0,4.3,2025,8,August,False
2025-08-19,31.5,24.3,0.0,13.6,Tel Aviv,27.9,7.2,2025,8,August,False
2025-08-20,32.1,24.0,0.0,14.4,Tel Aviv,28.0,8.1,2025,8,August,False
2025-08-21,31.4,25.9,0.2,15.6,Tel Aviv,28.6,5.5,2025,8,August,True
2025-08-22,31.2,25.4,0.0,15.7,Tel Aviv,28.3,5.8,2025,8,August,False
2025-08-23,31.8,25.4,0.0,15.5,Tel Aviv,28.6,6.4,2025,8,August,False
2025-08-24,31.3,25.5,0.0,14.7,Tel Aviv,28.4,5.8,2025,8,August,False
2025-08-25,31.4,26.2,0.0,17.0,Tel Aviv,28.8,5.2,2025,8,August,False
2025-08-26,30.9,26.4,0.0,19.1,Tel Aviv,28.6,4.5,2025,8,August,False
2025-08-27,30.7,26.2,0.5,16.8,Tel Aviv,28.4,4.5,2025,8,August,True
2025-08-28,30.1,25.7,0.0,15.7,Tel Aviv,27.9,4.4,2025,8,August,False
2025-08-29,30.4,23.2,0.0,16.0,Tel Aviv,26.8,7.2,2025,8,August,False
2025-08-30,30.5,21.9,0.0,13.6,Tel Aviv,26.2,8.6,2025,8,August,False
2025-08-31,30.2,23.8,0.0,14.6,Tel Aviv,27.0,6.4,2025,8,August,False
2025-09-01,30.5,23.7,0.0,14.7,Tel Aviv,27.1,6.8,2025,9,September,False
2025-09-02,30.3,25.4,0.1,15.3,Tel Aviv,27.8,4.9,2025,9,September,True
2025-09-03,30.4,25.8,0.0,15.1,Tel Aviv,28.1,4.6,2025,9,September,False
2025-09-04,30.6,24.7,0.1,15.2,Tel Aviv,27.6,5.9,2025,9,September,True
2025-09-05,30.7,24.2,0.0,15.1,Tel Aviv,27.4,6.5,2025,9,September,False
2025-09-06,30.7,23.6,0.0,16.3,Tel Aviv,27.2,7.1,2025,9,September,False
2025-09-07,30.3,25.0,0.1,14.3,Tel Aviv,27.6,5.3,2025,9,September,True
2025-09-08,29.9,24.5,0.0,15.6,Tel Aviv,27.2,5.4,2025,9,September,False
2025-09-09,30.8,24.4,0.0,14.2,Tel Aviv,27.6,6.4,2025,9,September,False
2025-09-10,29.8,23.7,0.0,16.1,Tel Aviv,26.8,6.1,2025,9,September,False
2025-09-11,30.8,22.5,0.0,16.2,Tel Aviv,26.6,8.3,2025,9,September,False
2025-09-12,30.7,22.9,0.0,15.3,Tel Aviv,26.8,7.8,2025,9,September,False
2025-09-13,30.8,22.6,0.0,14.7,Tel Aviv,26.7,8.2,2025,9,September,False
2025-09-14,30.5,22.9,0.0,14.2,Tel Aviv,26.7,7.6,2025,9,September,False
2025-09-15,30.2,24.2,0.0,15.0,Tel Aviv,27.2,6.0,2025,9,September,False
2025-09-16,29.4,24.4,0.0,14.7,Tel Aviv,26.9,5.0,2025,9,September,False
2025-09-17,29.9,23.0,0.0,14.5,Tel Aviv,26.4,6.9,2025,9,September,False
2025-09-18,30.1,22.4,0.0,15.1,Tel Aviv,26.2,7.7,2025,9,September,False
2025-09-19,29.9,25.4,0.0,13.9,Tel Aviv,27.6,4.5,2025,9,September,False
2025-09-20,31.8,22.0,0.0,18.8,Tel Aviv,26.9,9.8,2025,9,September,False
2025-09-21,32.8,22.4,0.0,19.6,Tel Aviv,27.6,10.4,2025,9,September,False
2025-09-22,31.2,24.6,0.0,14.4,Tel Aviv,27.9,6.6,2025,9,September,False
2025-09-23,30.8,23.0,0.0,14.5,Tel Aviv,26.9,7.8,2025,9,September,False
2025-09-24,29.5,24.5,0.5,16.1,Tel Aviv,27.0,5.0,2025,9,September,True
2025-09-25,28.6,23.5,2.3,19.5,Tel Aviv,26.0,5.1,2025,9,September,True
2025-09-26,29.1,23.0,0.0,14.3,Tel Aviv,26.0,6.1,2025,9,September,False
2025-09-27,29.3,22.8,0.0,14.0,Tel Aviv,26.0,6.5,2025,9,September,False
2025-09-28,29.6,21.8,0.0,16.5,Tel Aviv,25.7,7.8,2025,9,September,False
2025-09-29,29.2,22.7,0.0,15.8,Tel Aviv,26.0,6.5,2025,9,September,False
2025-09-30,28.7,22.7,0.2,15.2,Tel Aviv,25.7,6.0,2025,9,September,True
2025-10-01,28.3,22.7,0.0,14.4,Tel Aviv,25.5,5.6,2025,10,October,False
2025-10-02,28.5,21.2,0.0,14.2,Tel Aviv,24.8,7.3,2025,10,October,False
2025-10-03,33.6,20.1,0.0,15.8,Tel Aviv,26.8,13.5,2025,10,October,False
2025-10-04,30.0,23.7,0.0,19.7,Tel Aviv,26.8,6.3,2025,10,October,False
2025-10-05,28.4,24.1,0.0,18.6,Tel Aviv,26.2,4.3,2025,10,October,False
2025-10-06,28.2,23.8,0.0,16.8,Tel Aviv,26.0,4.4,2025,10,October,False
2025-10-07,28.1,20.6,0.0,16.6,Tel Aviv,24.4,7.5,2025,10,October,False
2025-10-08,31.0,20.7,0.0,17.1,Tel Aviv,25.8,10.3,2025,10,October,False
2025-10-09,27.2,20.0,4.0,15.6,Tel Aviv,23.6,7.2,2025,10,October,True
2025-10-10,26.7,19.1,0.0,20.1,Tel Aviv,22.9,7.6,2025,10,October,False
2025-10-11,27.0,18.9,0.0,19.3,Tel Aviv,23.0,8.1,2025,10,October,False
2025-10-12,26.8,21.8,0.3,15.9,Tel Aviv,24.3,5.0,2025,10,October,True
2025-10-13,27.6,21.3,0.0,16.4,Tel Aviv,24.5,6.3,2025,10,October,False
2025-10-14,26.8,17.9,0.0,16.9,Tel Aviv,22.4,8.9,2025,10,October,False
2025-10-15,26.8,17.8,0.0,13.2,Tel Aviv,22.3,9.0,2025,10,October,False
2025-10-16,27.4,19.5,0.0,16.9,Tel Aviv,23.4,7.9,2025,10,October,False
2025-10-17,27.6,20.1,0.0,14.9,Tel Aviv,23.8,7.5,2025,10,October,False
2025-10-18,26.7,21.7,0.0,13.1,Tel Aviv,24.2,5.0,2025,10,October,False
2025-10-19,26.8,19.3,0.0,11.3,Tel Aviv,23.0,7.5,2025,10,October,False
2025-10-20,27.0,19.8,0.0,12.3,Tel Aviv,23.4,7.2,2025,10,October,False
2025-10-21,29.1,19.0,0.0,19.2,Tel Aviv,24.0,10.1,2025,10,October,False
2025-10-22,30.8,19.2,0.0,18.2,Tel Aviv,25.0,11.6,2025,10,October,False
2025-10-23,29.7,17.6,0.0,9.9,Tel Aviv,23.6,12.1,2025,10,October,False
2025-10-24,28.1,21.3,0.0,12.0,Tel Aviv,24.7,6.8,2025,10,October,False
2025-10-25,27.5,18.8,0.0,13.9,Tel Aviv,23.2,8.7,2025,10,October,False
2025-10-26,26.8,18.9,0.0,14.0,Tel Aviv,22.8,7.9,2025,10,October,False
2025-10-27,27.3,20.8,0.0,15.1,Tel Aviv,24.0,6.5,2025,10,October,False
2025-10-28,27.0,17.7,0.0,15.1,Tel Aviv,22.4,9.3,2025,10,October,False
2025-10-29,26.8,19.1,0.1,14.0,Tel Aviv,23.0,7.7,2025,10,October,True
2025-10-30,27.5,19.5,0.0,20.0,Tel Aviv,23.5,8.0,2025,10,October,False
2025-10-31,32.0,17.5,0.0,17.6,Tel Aviv,24.8,14.5,2025,10,October,False
2025-11-01,30.1,18.5,0.0,19.8,Tel Aviv,24.3,11.6,2025,11,November,False
2025-11-02,28.0,16.7,0.0,14.3,Tel Aviv,22.4,11.3,2025,11,November,False
2025-11-03,27.7,19.1,0.0,11.1,Tel Aviv,23.4,8.6,2025,11,November,False
2025-11-04,32.3,22.9,0.0,18.4,Tel Aviv,27.6,9.4,2025,11,November,False
2025-11-05,31.9,21.2,0.0,12.3,Tel Aviv,26.6,10.7,2025,11,November,False
2025-11-06,26.6,19.1,0.0,14.2,Tel Aviv,22.8,7.5,2025,11,November,False
2025-11-07,26.5,19.8,0.0,13.7,Tel Aviv,23.2,6.7,2025,11,November,False
2025-11-08,26.8,19.3,0.0,17.2,Tel Aviv,23.0,7.5,2025,11,November,False
2025-11-09,29.1,18.7,0.0,13.6,Tel Aviv,23.9,10.4,2025,11,November,False
2025-11-10,26.3,17.6,0.0,11.3,Tel Aviv,22.0,8.7,2025,11,November,False
2025-11-11,25.6,19.6,0.4,15.4,Tel Aviv,22.6,6.0,2025,11,November,True
2025-11-12,25.8,19.9,0.0,14.3,Tel Aviv,22.8,5.9,2025,11,November,False
2025-11-13,23.4,19.0,2.9,11.5,Tel Aviv,21.2,4.4,2025,11,November,True
2025-11-14,19.6,15.9,8.1,17.7,Tel Aviv,17.8,3.7,2025,11,November,True
2025-11-15,22.9,16.7,6.3,21.5,Tel Aviv,19.8,6.2,2025,11,November,True
2025-11-16,22.4,15.8,1.2,15.7,Tel Aviv,19.1,6.6,2025,11,November,True
2025-11-17,23.7,14.4,0.0,13.0,Tel Aviv,19.0,9.3,2025,11,November,False
2025-11-18,27.3,14.7,0.0,11.7,Tel Aviv,21.0,12.6,2025,11,November,False
2025-11-19,29.4,17.5,0.0,7.6,Tel Aviv,23.4,11.9,2025,11,November,False
2025-11-20,28.0,17.1,0.0,8.0,Tel Aviv,22.6,10.9,2025,11,November,False
2025-11-21,32.4,16.3,0.0,14.1,Tel Aviv,24.4,16.1,2025,11,November,False
2025-11-22,34.0,22.4,0.0,19.1,Tel Aviv,28.2,11.6,2025,11,November,False
2025-11-23,32.8,24.5,0.0,19.0,Tel Aviv,28.6,8.3,2025,11,November,False
2025-11-24,28.2,18.5,0.1,14.1,Tel Aviv,23.4,9.7,2025,11,November,True
2025-11-25,22.3,17.5,6.6,15.6,Tel Aviv,19.9,4.8,2025,11,November,True
2025-11-26,23.2,14.8,0.0,12.6,Tel Aviv,19.0,8.4,2025,11,November,False
2025-11-27,25.2,14.3,0.0,11.2,Tel Aviv,19.8,10.9,2025,11,November,False
2025-11-28,23.7,13.5,0.0,8.9,Tel Aviv,18.6,10.2,2025,11,November,False
2025-11-29,24.0,16.5,0.0,10.1,Tel Aviv,20.2,7.5,2025,11,November,False
2025-11-30,22.9,16.7,1.0,18.2,Tel Aviv,19.8,6.2,2025,11,November,True
2025-12-01,22.5,15.8,1.1,14.4,Tel Aviv,19.2,6.7,2025,12,December,True
2025-12-02,22.0,14.2,0.0,13.5,Tel Aviv,18.1,7.8,2025,12,December,False
2025-12-03,24.0,12.2,0.0,19.3,Tel Aviv,18.1,11.8,2025,12,December,False
2025-12-04,25.2,15.7,0.0,11.1,Tel Aviv,20.4,9.5,2025,12,December,False
2025-12-05,29.7,14.8,0.2,9.5,Tel Aviv,22.2,14.9,2025,12,December,True
2025-12-06,24.1,15.4,2.6,15.1,Tel Aviv,19.8,8.7,2025,12,December,True
2025-12-07,20.4,16.2,0.0,21.6,Tel Aviv,18.3,4.2,2025,12,December,False
2025-12-08,20.2,14.1,0.5,20.3,Tel Aviv,17.2,6.1,2025,12,December,True
2025-12-09,18.7,12.8,4.9,19.5,Tel Aviv,15.8,5.9,2025,12,December,True
2025-12-10,18.5,14.3,28.1,20.9,Tel Aviv,16.4,4.2,2025,12,December,True
2025-12-11,17.0,13.6,24.6,19.0,Tel Aviv,15.3,3.4,2025,12,December,True
2025-12-12,19.3,13.9,1.9,20.5,Tel Aviv,16.6,5.4,2025,12,December,True
2025-12-13,19.8,13.3,0.2,8.5,Tel Aviv,16.6,6.5,2025,12,December,True
2025-12-14,20.1,12.7,0.4,13.0,Tel Aviv,16.4,7.4,2025,12,December,True
2025-12-15,18.3,11.9,8.6,16.1,Tel Aviv,15.1,6.4,2025,12,December,True
2025-12-16,17.9,12.2,1.9,20.5,Tel Aviv,15.0,5.7,2025,12,December,True
2025-12-17,16.6,10.3,8.3,14.2,Tel Aviv,13.4,6.3,2025,12,December,True
2025-12-18,18.7,7.3,0.0,6.4,Tel Aviv,13.0,11.4,2025,12,December,False
2025-12-19,19.5,11.4,0.0,12.6,Tel Aviv,15.4,8.1,2025,12,December,False
2025-12-20,20.5,13.0,0.0,11.2,Tel Aviv,16.8,7.5,2025,12,December,False
2025-12-21,21.0,10.8,0.0,9.3,Tel Aviv,15.9,10.2,2025,12,December,False
2025-12-22,21.5,9.9,0.0,7.6,Tel Aviv,15.7,11.6,2025,12,December,False
2025-12-23,18.9,12.4,1.6,18.7,Tel Aviv,15.6,6.5,2025,12,December,True
2025-12-24,20.6,13.9,0.5,11.7,Tel Aviv,17.2,6.7,2025,12,December,True
2025-12-25,21.2,12.9,0.0,9.1,Tel Aviv,17.0,8.3,2025,12,December,False
2025-12-26,19.5,10.1,0.2,9.5,Tel Aviv,14.8,9.4,2025,12,December,True
2025-12-27,20.1,13.9,28.5,25.4,Tel Aviv,17.0,6.2,2025,12,December,True
2025-12-28,17.2,13.4,12.6,31.2,Tel Aviv,15.3,3.8,2025,12,December,True
2025-12-29,19.4,14.1,15.6,35.2,Tel Aviv,16.8,5.3,2025,12,December,True
2025-12-30,17.9,13.6,2.5,18.7,Tel Aviv,15.8,4.3,2025,12,December,True
2025-12-31,18.5,13.3,0.0,24.3,Tel Aviv,15.9,5.2,2025,12,December,False
